CustomerKey,Gender,Name,City,"State Code",State,"Zip Code",Country,Continent,Birthday,Age
301,Female,"Lilly Harding","WANDEARAH EAST",SA,"South Australia",5523,Australia,Australia,1939-07-03,86
325,Female,"Madison Hull","MOUNT BUDD",WA,"Western Australia",6522,Australia,Australia,1979-09-27,46
554,Female,"Claire Ferres",WINJALLOK,VIC,Victoria,3380,Australia,Australia,1947-05-26,78
786,Male,"Jai Poltpalingada","MIDDLE RIVER",SA,"South Australia",5223,Australia,Australia,1957-09-17,68
1042,Male,"Aidan Pankhurst","TAWONGA SOUTH",VIC,Victoria,3698,Australia,Australia,1965-11-19,60
1086,Male,"Hayden Clegg",TEMPLERS,SA,"South Australia",5371,Australia,Australia,1954-01-20,72
1133,Male,"Nicholas Caffyn","JUBILEE POCKET",QLD,Queensland,4802,Australia,Australia,1969-11-22,56
1256,Male,"Lincoln Jenks",KULLOGUM,QLD,Queensland,4660,Australia,Australia,1950-03-12,75
1314,Male,"Isaac Israel","EDITH RIVER",NT,"Northern Territory",852,Australia,Australia,1965-12-21,60
1568,Male,"Luke Virtue",KOTTA,VIC,Victoria,3565,Australia,Australia,1975-07-25,50
1585,Female,"Anna Hallstrom","GREEN LAKE",VIC,Victoria,3401,Australia,Australia,1990-08-12,35
1626,Female,"Mary Leach","NEDS CORNER",VIC,Victoria,3496,Australia,Australia,1985-10-17,40
1642,Female,"Ruby Ambrose",TARLO,NSW,"New South Wales",2580,Australia,Australia,1965-03-03,60
1677,Male,"Dean Innes",ELLESMERE,QLD,Queensland,4610,Australia,Australia,1964-11-22,61
1817,Female,"Laura Le Rennetel",BEAUCHAMP,VIC,Victoria,3579,Australia,Australia,1986-07-10,39
1863,Female,"Chelsea Watkins","NAMBOUR DC",QLD,Queensland,4560,Australia,Australia,1984-09-22,41
1945,Male,"Angus Beaurepaire",GREENFIELDS,WA,"Western Australia",6210,Australia,Australia,1974-09-20,51
2238,Female,"Isabelle Cochran",BRUCKNELL,VIC,Victoria,3268,Australia,Australia,1969-10-31,56
2248,Male,"Rory Spargo",JUNG,VIC,Victoria,3401,Australia,Australia,1987-12-15,38
2435,Female,"Lilian Hall",BLAKEBROOK,NSW,"New South Wales",2480,Australia,Australia,1968-04-01,57
2469,Female,"Phoebe Kneeshaw",BIDWILL,QLD,Queensland,4650,Australia,Australia,1948-05-20,77
2512,Female,"Matilda Hake","BUNKERS HILL",VIC,Victoria,3352,Australia,Australia,1992-11-13,33
2604,Female,"Claudia Davison","KUBIN VILLAGE",QLD,Queensland,4875,Australia,Australia,1995-04-08,30
2751,Male,"Nate Lowes",CALLIDE,QLD,Queensland,4715,Australia,Australia,1979-08-20,46
2792,Male,"Zachary Perkin",BAMGANIE,VIC,Victoria,3333,Australia,Australia,1976-08-25,49
2836,Male,"Nicholas Shand",GORDONBROOK,QLD,Queensland,4610,Australia,Australia,1959-02-23,66
3002,Male,"Joshua Aronson",SMITHTON,TAS,Tasmania,7330,Australia,Australia,2000-11-08,25
3006,Female,"Alica Stuckey",HARTLEY,NSW,"New South Wales",2790,Australia,Australia,1943-01-13,83
3203,Male,"Aidan Kane",ARGENTON,NSW,"New South Wales",2284,Australia,Australia,1998-08-18,27
3270,Male,"Hunter Templeton","CENTRAL TILBA",NSW,"New South Wales",2546,Australia,Australia,1948-05-02,77
3327,Female,"Alannah Le Messurier",KONONGWOOTONG,VIC,Victoria,3315,Australia,Australia,1948-04-28,77
3410,Male,"Will Armitage",BOLLON,QLD,Queensland,4488,Australia,Australia,1950-05-12,75
3575,Male,"Noah McFarland","HOPPERS CROSSING",VIC,Victoria,3029,Australia,Australia,1942-03-04,83
3964,Female,"Rose Code",DIXIE,VIC,Victoria,3265,Australia,Australia,1944-02-16,82
4004,Female,"Piper Wrixon","WYALLA PLAZA",QLD,Queensland,4350,Australia,Australia,1995-06-24,30
4174,Female,"Rebecca Yelverton","OCEAN REEF",WA,"Western Australia",6027,Australia,Australia,1990-10-05,35
4633,Female,"Victoria Brown",KEYSLAND,QLD,Queensland,4612,Australia,Australia,1964-01-08,62
4734,Male,"Justin Felan",PARMELIA,WA,"Western Australia",6167,Australia,Australia,1946-02-13,80
4808,Male,"Jamie Evenden","HAYWARDS BAY",NSW,"New South Wales",2530,Australia,Australia,1944-06-28,81
4811,Male,"Brayden Bulcock",WIDGIEMOOLTHA,WA,"Western Australia",6443,Australia,Australia,1994-12-21,31
5097,Female,"Bella Foley","Mount Pleasant",QLD,Queensland,4740,Australia,Australia,1942-11-13,83
5445,Male,"Jake Clibborn",REEFTON,VIC,Victoria,3799,Australia,Australia,1952-09-10,73
5962,Male,"Aiden Dugdale","SWAN BAY",NSW,"New South Wales",2324,Australia,Australia,1938-11-17,87
6193,Female,"Lara Cassidy","REGENCY PARK",SA,"South Australia",5010,Australia,Australia,1945-12-27,80
6242,Male,"Cody Grosse",KOOMBERKINE,WA,"Western Australia",6461,Australia,Australia,1964-02-10,62
6258,Male,"Zac Hull",SANDFORD,VIC,Victoria,3312,Australia,Australia,1976-07-03,49
6308,Male,"Taj Sexton",KOOREH,VIC,Victoria,3478,Australia,Australia,2001-02-15,25
6459,Male,"Mitchell Leigh","KEILOR DOWNS",VIC,Victoria,3038,Australia,Australia,1942-05-24,83
6794,Female,"Abby Hyam",CALDER,TAS,Tasmania,7325,Australia,Australia,1971-02-06,55
7109,Male,"Hamish Bolton","LANKEYS CREEK",NSW,"New South Wales",2644,Australia,Australia,1979-11-15,46
7122,Female,"Lara Virtue",HIGGINSVILLE,WA,"Western Australia",6443,Australia,Australia,1999-08-13,26
7313,Female,"Chelsea Keast",KANMANTOO,SA,"South Australia",5252,Australia,Australia,1990-01-26,36
7398,Male,"Jonathan Thorpe","COOEE BAY",QLD,Queensland,4703,Australia,Australia,1945-06-10,80
7493,Male,"Declan Torrens",NOORINDOO,QLD,Queensland,4417,Australia,Australia,1978-07-20,47
7494,Male,"Ben Coventry","HYDE PARK",QLD,Queensland,4812,Australia,Australia,1967-04-02,58
7566,Male,"William Prenzel",KILLARA,VIC,Victoria,3691,Australia,Australia,1993-07-01,32
7664,Male,"Riley Gaffney",CANOWIE,SA,"South Australia",5419,Australia,Australia,1947-03-18,78
7700,Male,"Lucas Keenan","STANWELL TOPS",NSW,"New South Wales",2508,Australia,Australia,1975-01-27,51
7725,Female,"Anna Prerauer",CURRIMUNDI,QLD,Queensland,4551,Australia,Australia,1968-01-06,58
7783,Female,"Charli Gullett","MOUNT WALLACE",VIC,Victoria,3342,Australia,Australia,1961-08-13,64
8098,Female,"Alana Belt","SOUTH GREENOUGH",WA,"Western Australia",6528,Australia,Australia,1967-01-26,59
8181,Female,"Amelie Nairn",DARTMOUTH,VIC,Victoria,3701,Australia,Australia,1985-07-08,40
8220,Male,"David Blanch",Vista,SA,"South Australia",5091,Australia,Australia,1945-07-29,80
8789,Female,"Layla Mackellar",KALKARINDJI,NT,"Northern Territory",852,Australia,Australia,1999-07-13,26
8794,Female,"Abbey Lempriere","BOULDER CREEK",QLD,Queensland,4714,Australia,Australia,1962-11-02,63
8945,Female,"Summer MacMahon",WARUMBUL,NSW,"New South Wales",2229,Australia,Australia,1939-06-28,86
9167,Male,"Luke Bushby",PARACOMBE,SA,"South Australia",5132,Australia,Australia,1975-12-02,50
9184,Male,"Sam Zimpel",CORUNNUN,VIC,Victoria,3249,Australia,Australia,1964-11-24,61
9360,Male,"Mitchell Adam",MOPARRABAH,NSW,"New South Wales",2440,Australia,Australia,1955-01-30,71
9370,Female,"Ruby Lock",Cook,ACT,"Australian Capital Territory",2614,Australia,Australia,1953-05-26,72
9389,Female,"Eliza Brophy",YEARINAN,NSW,"New South Wales",2357,Australia,Australia,1956-04-08,69
9456,Male,"Ryder Abdullah",CLAREDALE,QLD,Queensland,4807,Australia,Australia,1941-05-21,84
9812,Female,"Kaitlyn Morshead",MINJARY,NSW,"New South Wales",2720,Australia,Australia,1953-01-23,73
9915,Female,"Ebony Buxton",SEPPINGS,WA,"Western Australia",6330,Australia,Australia,1991-11-10,34
10039,Female,"Brianna Hann",NIKENBAH,QLD,Queensland,4655,Australia,Australia,1947-10-22,78
10189,Female,"Alexis Birchell","FOREST REEFS",NSW,"New South Wales",2798,Australia,Australia,1962-04-07,63
10276,Male,"Angus Bardolph","BATEAU BAY",NSW,"New South Wales",2261,Australia,Australia,1972-11-01,53
10299,Male,"Anthony Macvitie",BEELBANGERA,NSW,"New South Wales",2680,Australia,Australia,1937-05-27,88
10332,Male,"James Burnage",Palmyra,WA,"Western Australia",6157,Australia,Australia,1937-03-26,88
10393,Male,"Nicholas Moncrieff","ROSENTHAL HEIGHTS",QLD,Queensland,4370,Australia,Australia,1981-11-29,44
10395,Male,"Cameron Dillon",STRATHERNE,WA,"Western Australia",6309,Australia,Australia,1996-02-25,29
10481,Female,"Piper Maudsley","CELLS RIVER",NSW,"New South Wales",2324,Australia,Australia,1977-04-17,48
10504,Male,"Daniel Rusconi","SOUTH DATATINE",WA,"Western Australia",6317,Australia,Australia,1980-10-22,45
10717,Male,"Harrison Ingram",MAYA,WA,"Western Australia",6614,Australia,Australia,1981-06-16,44
11035,Female,"Makayla Meldrum","KINGS FOREST",NSW,"New South Wales",2487,Australia,Australia,1939-12-08,86
11090,Female,"Scarlett Scollen",SILVERWATER,NSW,"New South Wales",2128,Australia,Australia,1953-01-20,73
11587,Male,"Andrew Fenbury",York,WA,"Western Australia",6302,Australia,Australia,1977-11-09,48
11736,Female,"Summer Brownrigg",YARRABILBA,QLD,Queensland,4207,Australia,Australia,1991-01-22,35
12084,Male,"Toby Chauvel",GALGA,SA,"South Australia",5308,Australia,Australia,1958-07-20,67
12160,Male,"Jett Creal",Oakhurst,NSW,"New South Wales",2761,Australia,Australia,1956-09-05,69
12162,Female,"Eva Lavarack",WHITTINGTON,VIC,Victoria,3219,Australia,Australia,1954-07-30,71
12207,Male,"Aiden Jull",OGMORE,QLD,Queensland,4706,Australia,Australia,1955-11-30,70
12256,Female,"Lilly Lynn",ROTHBURY,NSW,"New South Wales",2320,Australia,Australia,1991-03-07,34
12365,Female,"Natalie Lyon","STEEPLE FLAT",NSW,"New South Wales",2631,Australia,Australia,1958-04-06,67
12385,Female,"Lily Gribble","OVERLAND CORNER",SA,"South Australia",5330,Australia,Australia,1981-06-10,44
12392,Female,"Laura Waterhouse",GREENHILL,SA,"South Australia",5140,Australia,Australia,1957-03-08,68
12649,Female,"Rose Raven","NOBLE PARK NORTH",VIC,Victoria,3174,Australia,Australia,1965-12-11,60
12729,Male,"Xavier Sturdee",STANNUM,NSW,"New South Wales",2371,Australia,Australia,1937-10-14,88
12810,Male,"Patrick Newbigin","Deer Park",VIC,Victoria,3023,Australia,Australia,1957-06-24,68
12859,Male,"Koby Rayment",NABAWA,WA,"Western Australia",6532,Australia,Australia,1942-04-29,83
12868,Male,"Nathan Greville",MALLALA,SA,"South Australia",5502,Australia,Australia,1961-03-12,64
13045,Female,"Abbey Storkey","BLUE MOUNTAIN HEIGHTS",QLD,Queensland,4350,Australia,Australia,1957-10-19,68
13071,Female,"Claudia Fuller",CUBALLING,WA,"Western Australia",6311,Australia,Australia,1973-06-28,52
13232,Female,"Maya Coates","UNLEY BC",SA,"South Australia",5061,Australia,Australia,1985-08-12,40
13365,Male,"Mitchell Cutlack",MOONEM,NSW,"New South Wales",2471,Australia,Australia,1961-01-02,65
13607,Female,"Gemma Maum","MAMBRAY CREEK",SA,"South Australia",5495,Australia,Australia,1954-09-21,71
14069,Male,"Jacob Gairdner","ROB ROY",NSW,"New South Wales",2360,Australia,Australia,1949-05-24,76
14180,Female,"Ava Lockyer",KALGOORLIE,WA,"Western Australia",6430,Australia,Australia,1998-05-14,27
14275,Female,"Dakota Dunshea",BENTLEY,NSW,"New South Wales",2480,Australia,Australia,1979-05-02,46
14906,Female,"Grace Houghton",BOYER,TAS,Tasmania,7140,Australia,Australia,1982-11-16,43
14962,Female,"Mackenzie Newell",Crestwood,NSW,"New South Wales",2153,Australia,Australia,1936-04-05,89
14988,Female,"Emily Thirkell","WYNDHAM VALE",VIC,Victoria,3024,Australia,Australia,1958-07-24,67
15109,Female,"Sara Marsden","WHALE BEACH",NSW,"New South Wales",2107,Australia,Australia,1999-08-18,26
15385,Male,"Harry Morgans",DOONGIN,WA,"Western Australia",6409,Australia,Australia,1995-05-11,30
15391,Female,"Elizabeth Horsley",MARRAWEENEY,VIC,Victoria,3669,Australia,Australia,1989-01-25,37
15569,Female,"Chelsea Weekes",COLAC,VIC,Victoria,3250,Australia,Australia,1983-09-08,42
15718,Female,"Natalie Tennant",DAKENBA,QLD,Queensland,4715,Australia,Australia,1957-02-20,69
16193,Female,"Isabelle Beggs",ALTONA,SA,"South Australia",5351,Australia,Australia,1964-05-10,61
16282,Female,"Evie Kirkhope","REIDS FLAT",NSW,"New South Wales",2586,Australia,Australia,2000-05-11,25
16716,Female,"Abby Frater",KAYUGA,NSW,"New South Wales",2333,Australia,Australia,1987-12-16,38
17412,Male,"Mitchell Kwok","VICTORIA PARK",WA,"Western Australia",6100,Australia,Australia,1969-08-31,56
17811,Female,"Alicia Hoy","WATTLE GLEN",VIC,Victoria,3096,Australia,Australia,1985-10-15,40
18067,Male,"Rory Koerstz","MOUNT MCKENZIE",SA,"South Australia",5353,Australia,Australia,1941-10-26,84
18263,Male,"Callum Semmens","RURAL VIEW",QLD,Queensland,4740,Australia,Australia,1978-06-01,47
18309,Male,"Michael Vogt","FYANS CREEK",VIC,Victoria,3381,Australia,Australia,1992-01-07,34
18470,Male,"Zac Pryor",GOSFORD,NSW,"New South Wales",2250,Australia,Australia,1969-03-12,56
18493,Male,"George Kevin",TASCOTT,NSW,"New South Wales",2250,Australia,Australia,1994-09-27,31
18714,Male,"Ashton Aitken",PINWERNYING,WA,"Western Australia",6317,Australia,Australia,1972-08-13,53
18887,Female,"Zara Castleton",BOOROLITE,VIC,Victoria,3723,Australia,Australia,1978-11-25,47
19082,Male,"Matthew Denman",RANSOME,QLD,Queensland,4154,Australia,Australia,1939-04-06,86
19207,Male,"Luke Casimaty",KURRACA,VIC,Victoria,3518,Australia,Australia,1991-01-19,35
19404,Male,"Cody O'Hea",WYNNUM,QLD,Queensland,4178,Australia,Australia,1997-06-10,28
19534,Female,"Leah Martin",TOOBORAC,VIC,Victoria,3522,Australia,Australia,1964-12-13,61
19579,Female,"Ava Reye",BARCALDINE,QLD,Queensland,4725,Australia,Australia,1949-10-16,76
19726,Female,"Victoria Daly",WATANOBBI,NSW,"New South Wales",2259,Australia,Australia,1973-01-28,53
19732,Female,"Olivia Moresby",WAPPILKA,SA,"South Australia",5332,Australia,Australia,1981-08-31,44
19753,Female,"Alyssa Solander",HOWTH,TAS,Tasmania,7316,Australia,Australia,1995-10-21,30
19916,Male,"Hunter Samuel","LITTLE PLAIN",NSW,"New South Wales",2360,Australia,Australia,1991-05-13,34
20069,Male,"Jesse Parry-Okeden",GWINDINUP,WA,"Western Australia",6237,Australia,Australia,1980-11-24,45
20092,Female,"Victoria Fitzsimmons","CAMBRIDGE GARDENS",NSW,"New South Wales",2747,Australia,Australia,1947-05-03,78
20237,Male,"Riley Montefiore",WILLIAMSTOWN,VIC,Victoria,3016,Australia,Australia,1986-07-14,39
20623,Female,"Eva Rendall",CARLYLE,VIC,Victoria,3685,Australia,Australia,1994-03-11,31
20802,Male,"Ben Whitworth",POLDA,SA,"South Australia",5670,Australia,Australia,1945-07-07,80
20946,Female,"Taylah Walstab",WINTHROP,WA,"Western Australia",6150,Australia,Australia,1999-11-04,26
21203,Male,"Tristan Dobie",CHARTWELL,VIC,Victoria,3030,Australia,Australia,1960-02-18,66
21387,Male,"Christian Hughes",CREMORNE,NSW,"New South Wales",2090,Australia,Australia,1970-01-26,56
21424,Male,"Justin Tickell","HEYTESBURY LOWER",VIC,Victoria,3268,Australia,Australia,1940-07-29,85
21460,Female,"Kayla De Beuzeville",GLENLYNN,WA,"Western Australia",6256,Australia,Australia,1957-11-01,68
21523,Male,"Jayden Rennie",SWANHAVEN,NSW,"New South Wales",2540,Australia,Australia,1969-12-06,56
21575,Male,"Zac Chumleigh",CRAIGIE,WA,"Western Australia",6025,Australia,Australia,1991-12-29,34
21654,Female,"Amber Monger","PARLIAMENT HOUSE",SA,"South Australia",5000,Australia,Australia,1950-02-03,76
21819,Female,"Matilda Blacklock",Cleveland,TAS,Tasmania,7211,Australia,Australia,2000-06-18,25
21870,Female,"Summer Gramp",BELTANA,SA,"South Australia",5730,Australia,Australia,1991-11-23,34
22158,Male,"Will Parer","CHURCH POINT",NSW,"New South Wales",2105,Australia,Australia,1996-12-10,29
22384,Male,"Jaxon Cox",PEARCE,ACT,"Australian Capital Territory",2607,Australia,Australia,1951-01-24,75
22540,Male,"Connor Ruwolt",BANDYA,WA,"Western Australia",6440,Australia,Australia,1989-06-12,36
22775,Male,"Flynn Campion",NEEDLES,TAS,Tasmania,7304,Australia,Australia,1958-08-27,67
22826,Male,"Edward Putilin",ASHFIELD,QLD,Queensland,4670,Australia,Australia,1976-09-25,49
23128,Male,"Zane Sinclaire",SUMMERLANDS,VIC,Victoria,3922,Australia,Australia,2000-01-02,26
23203,Female,"Gemma Philipp","MADORA BAY",WA,"Western Australia",6210,Australia,Australia,1998-08-11,27
23267,Female,"Gabrielle Zinnbauer","FLINDERS VIEW",QLD,Queensland,4305,Australia,Australia,1954-04-18,71
23320,Female,"Samantha Weigel",WITTENOOM,WA,"Western Australia",6751,Australia,Australia,1960-04-15,65
23431,Female,"Grace Scarf","SHEEP HILLS",VIC,Victoria,3392,Australia,Australia,1970-10-27,55
23599,Female,"Maddison Blanc","FORRESTERS BEACH",NSW,"New South Wales",2260,Australia,Australia,1989-10-12,36
23854,Male,"Ali Wroblewski",MURRAWOMBIE,NSW,"New South Wales",2825,Australia,Australia,1943-01-02,83
24069,Male,"Edward Carron",ULMARRA,NSW,"New South Wales",2462,Australia,Australia,1985-05-20,40
24230,Female,"Zoe Dadswell","DAVOREN PARK SOUTH",SA,"South Australia",5113,Australia,Australia,1979-10-26,46
24575,Female,"Stella O'Mahony","PLACID HILLS",QLD,Queensland,4343,Australia,Australia,2000-06-07,25
24920,Female,"Natalie Robey","CORNY POINT",SA,"South Australia",5575,Australia,Australia,1938-04-17,87
25308,Female,"Angelina Kates","WEST WIANGAREE",NSW,"New South Wales",2474,Australia,Australia,1987-03-12,38
25771,Female,"Mikayla Shenton",BOOLCARROLL,NSW,"New South Wales",2388,Australia,Australia,1959-07-26,66
25864,Male,"Zane Corkill",SHIRLEY,VIC,Victoria,3373,Australia,Australia,1995-05-05,30
25935,Male,"Charlie D'Arcy","BURNT YARDS",NSW,"New South Wales",2792,Australia,Australia,1975-01-13,51
26458,Male,"George Creer",Westbury,VIC,Victoria,3825,Australia,Australia,1979-04-28,46
26477,Male,"Caleb Willshire",MORISSET,NSW,"New South Wales",2264,Australia,Australia,1959-11-05,66
26642,Male,"Noah Moloney","ELIZABETH BEACH",NSW,"New South Wales",2428,Australia,Australia,1978-09-30,47
26728,Female,"Gemma Allan","MARRICKVILLE SOUTH",NSW,"New South Wales",2204,Australia,Australia,1979-01-18,47
26906,Male,"Xavier McPhee","CLEMTON PARK",NSW,"New South Wales",2206,Australia,Australia,1974-06-16,51
26914,Female,"Amelia England","MOUNT COTTRELL",VIC,Victoria,3024,Australia,Australia,1940-10-10,85
26970,Female,"Rose Frater","BENDIGO SOUTH",VIC,Victoria,3550,Australia,Australia,1990-11-12,35
27125,Female,"Ashley Hornung","ARNO BAY",SA,"South Australia",5603,Australia,Australia,1976-03-16,49
27210,Male,"Liam Osborn",MOOTAI,NSW,"New South Wales",2325,Australia,Australia,1973-07-02,52
27356,Male,"Hamish D'Hage",TURRAMURRA,NSW,"New South Wales",2074,Australia,Australia,1969-10-02,56
27432,Female,"Mikayla Favenc",CLEVE,SA,"South Australia",5640,Australia,Australia,1998-09-26,27
27492,Female,"Bianca Coombe",YAMBUK,VIC,Victoria,3285,Australia,Australia,1987-11-04,38
27616,Male,"Cameron Tebbutt",BANNOCKBURN,VIC,Victoria,3331,Australia,Australia,1987-05-17,38
27896,Male,"Zachary McLeish",JACUP,WA,"Western Australia",6337,Australia,Australia,1973-10-17,52
27945,Male,"Charlie Stralia",SOFALA,NSW,"New South Wales",2795,Australia,Australia,1974-05-20,51
28076,Female,"Alannah Onus",AVOCA,TAS,Tasmania,7213,Australia,Australia,1979-01-02,47
28559,Male,"Samuel Israel",YILKI,SA,"South Australia",5211,Australia,Australia,1968-12-07,57
28690,Male,"Leo Walcott",MILLCHESTER,QLD,Queensland,4820,Australia,Australia,1987-09-12,38
28702,Female,"Charli Lhotsky",DREWVALE,QLD,Queensland,4116,Australia,Australia,1966-06-30,59
29041,Male,"Logan Barling",LINDENOW,VIC,Victoria,3865,Australia,Australia,1937-11-14,88
29278,Male,"Justin Hartog",PINEVALE,QLD,Queensland,4754,Australia,Australia,1990-09-04,35
29303,Male,"Max Cohn","KIRTON POINT",SA,"South Australia",5606,Australia,Australia,1983-05-01,42
29320,Male,"Levi Barraclough",BLACKBUTT,NSW,"New South Wales",2529,Australia,Australia,1938-10-14,87
29475,Female,"Madison Pocock",TUROSS,NSW,"New South Wales",2630,Australia,Australia,1965-07-03,60
29555,Male,"Owen Edouard","GLEN MARTIN",NSW,"New South Wales",2321,Australia,Australia,1992-07-03,33
29593,Male,"Liam Nettleton",BAKARA,SA,"South Australia",5354,Australia,Australia,1995-08-18,30
29647,Female,"Jessica Maynard",BRENDA,NSW,"New South Wales",2831,Australia,Australia,1956-05-28,69
29689,Female,"Alexis Phillipps","BURWOOD HEIGHTS",NSW,"New South Wales",2136,Australia,Australia,1966-08-28,59
29812,Male,"Marcus Napier","ST KILDA ROAD CENTRAL",VIC,Victoria,3004,Australia,Australia,1966-11-19,59
29837,Female,"Rebecca Jaques","MOUNT GEORGE",NSW,"New South Wales",2424,Australia,Australia,1938-08-14,87
29973,Female,"Lauren Langton",DUCKINWILLA,QLD,Queensland,4650,Australia,Australia,1937-09-24,88
30090,Male,"George Farrer","PARK AVENUE",QLD,Queensland,4701,Australia,Australia,1960-10-07,65
30278,Female,"Madeleine Kiddle",JACANA,VIC,Victoria,3047,Australia,Australia,1945-09-12,80
30428,Female,"Sienna Conrick",EARLSTON,VIC,Victoria,3669,Australia,Australia,1999-12-01,26
31086,Female,"Kate Snowden",WITTENOOM,WA,"Western Australia",6751,Australia,Australia,1985-01-30,41
31164,Male,"Hunter Boehm",BOWES,WA,"Western Australia",6535,Australia,Australia,1948-06-15,77
31236,Female,"Abby Warburton","THREE BRIDGES",VIC,Victoria,3797,Australia,Australia,1959-08-08,66
31288,Male,"Adam Banning","CLAY WELLS",SA,"South Australia",5280,Australia,Australia,1988-08-28,37
31374,Female,"Ellie Griffin","ST AGNES",SA,"South Australia",5097,Australia,Australia,1960-12-02,65
31721,Female,"Alyssa Isaacs","GULFVIEW HEIGHTS",SA,"South Australia",5096,Australia,Australia,1961-01-19,65
31784,Male,"Zac Scherk",WAMBAN,NSW,"New South Wales",2537,Australia,Australia,1968-01-02,58
32037,Male,"Aaron Knopwood","LAKE MOKOAN",VIC,Victoria,3673,Australia,Australia,1989-02-14,37
32190,Female,"Paige Lacey",DELAMERE,SA,"South Australia",5204,Australia,Australia,1954-10-28,71
32259,Female,"Ashley Dane?",SEVENHILL,SA,"South Australia",5453,Australia,Australia,1975-11-21,50
32294,Male,"Kai Nepean","RITE ISLAND",QLD,Queensland,4807,Australia,Australia,1948-08-04,77
32455,Female,"Charlotte Crane","MOSQUITO CREEK",QLD,Queensland,4387,Australia,Australia,1997-05-09,28
32488,Male,"Max Wylie","STAFFORD DC",QLD,Queensland,4053,Australia,Australia,1954-03-15,71
32511,Male,"Jasper Glassop",Woodford,NSW,"New South Wales",2463,Australia,Australia,1964-02-29,61
32538,Female,"Eva Hazon",BOOMOODEERIE,NSW,"New South Wales",2469,Australia,Australia,1986-07-20,39
32939,Female,"Alica Sizer",WONGULLA,SA,"South Australia",5238,Australia,Australia,1951-06-09,74
33036,Male,"Tyler Galvin",BYNG,NSW,"New South Wales",2798,Australia,Australia,1959-07-31,66
33205,Male,"Andrew Hollway","CRYSTAL BROOK",QLD,Queensland,4800,Australia,Australia,1943-01-10,83
33444,Male,"Brodie Thirkell",CLAYTON,VIC,Victoria,3168,Australia,Australia,1968-01-09,58
34081,Female,"Imogen Permewan","FYANS CREEK",VIC,Victoria,3381,Australia,Australia,1939-05-08,86
34126,Female,"Victoria Tasman","MENINGIE EAST",SA,"South Australia",5264,Australia,Australia,1967-09-07,58
34143,Male,"John Gowlland",WARRANWOOD,VIC,Victoria,3134,Australia,Australia,1991-04-07,34
34431,Male,"Leo Badger",BEACONSFIELD,WA,"Western Australia",6162,Australia,Australia,1940-02-02,86
34451,Male,"Harry Edwin",GLADSTONE,NSW,"New South Wales",2440,Australia,Australia,1972-11-01,53
34462,Male,"Tyson Tishler",TALAROO,QLD,Queensland,4871,Australia,Australia,1938-07-09,87
34850,Female,"Caitlin O'Loghlin","BLUE VALE",NSW,"New South Wales",2380,Australia,Australia,1960-11-30,65
34915,Female,"Kate Byles","MOUNT CRYSTAL",NSW,"New South Wales",2665,Australia,Australia,1969-01-28,57
35257,Female,"Ella Oxenham",FERNHILL,NSW,"New South Wales",2519,Australia,Australia,1970-02-20,56
35479,Male,"Jeremy Petre",COSSACK,WA,"Western Australia",6720,Australia,Australia,1978-06-08,47
35703,Male,"Rory Cotton",LUGARNO,NSW,"New South Wales",2210,Australia,Australia,1961-12-14,64
35733,Female,"Charlotte Shaw",WAROONA,WA,"Western Australia",6215,Australia,Australia,1955-05-14,70
35795,Male,"Riley Clegg",MOYARRA,VIC,Victoria,3951,Australia,Australia,1995-08-07,30
36112,Female,"Emma Gepp",ANNUELLO,VIC,Victoria,3549,Australia,Australia,1937-02-12,89
36336,Female,"Anna Burston",DJARAWONG,QLD,Queensland,4854,Australia,Australia,1990-09-21,35
36418,Female,"Jorja Whitlam","MOUNT DAVID",NSW,"New South Wales",2795,Australia,Australia,1946-02-18,80
36507,Male,"Joseph Paten","Golden Valley",TAS,Tasmania,7304,Australia,Australia,1955-03-23,70
36816,Male,"Luke Lazenby","LONGWARRY NORTH",VIC,Victoria,3816,Australia,Australia,1971-05-18,54
36918,Male,"Blake Mann",OWEN,SA,"South Australia",5460,Australia,Australia,1982-11-06,43
37070,Female,"Alyssa Hooker",WANGANUI,NSW,"New South Wales",2482,Australia,Australia,1981-07-18,44
37251,Male,"Leo Scerri",GHERANG,VIC,Victoria,3240,Australia,Australia,1951-06-17,74
37408,Male,"Jaxon Rebell",TORRENS,ACT,"Australian Capital Territory",2607,Australia,Australia,1975-10-11,50
37580,Female,"Mariam Baylee",TOMAHAWK,TAS,Tasmania,7262,Australia,Australia,1942-01-12,84
37585,Female,"Lauren Fink",YELTA,SA,"South Australia",5558,Australia,Australia,1944-04-17,81
37802,Male,"Luke Byron","SOUTH DUDLEY",VIC,Victoria,3995,Australia,Australia,1990-07-09,35
37991,Male,"Cooper Gillison",CARWELL,NSW,"New South Wales",2849,Australia,Australia,1937-01-06,89
38006,Male,"Lachlan Postle",DYRAABA,NSW,"New South Wales",2470,Australia,Australia,1955-10-29,70
38036,Female,"Kiara Schaw","UPPER YARRAMAN",QLD,Queensland,4614,Australia,Australia,1960-07-26,65
38183,Male,"Hunter Montagu","NEW ITALY",NSW,"New South Wales",2472,Australia,Australia,1944-07-30,81
38195,Female,"Sara Roe",PAYNEDALE,WA,"Western Australia",6239,Australia,Australia,1972-11-22,53
38212,Female,"Stella Cain",WOOROONOOK,VIC,Victoria,3525,Australia,Australia,1985-01-28,41
38558,Female,"Audrey Bold",BOSTOBRICK,NSW,"New South Wales",2453,Australia,Australia,1946-05-19,79
38613,Male,"Hamish Mason",Tacoma,NSW,"New South Wales",2259,Australia,Australia,1988-03-16,37
38865,Male,"Christopher Edmund",WINDORAH,QLD,Queensland,4481,Australia,Australia,1948-08-17,77
38950,Female,"Hannah Edmond","ARTHUR RIVER",TAS,Tasmania,7330,Australia,Australia,1954-12-08,71
39183,Male,"Julian Gutteridge",KURMOND,NSW,"New South Wales",2757,Australia,Australia,1973-04-25,52
39246,Male,"Darcy Falconer",MANDALAY,QLD,Queensland,4802,Australia,Australia,1974-10-20,51
39268,Female,"Madeleine Marx",KALLANGUR,QLD,Queensland,4503,Australia,Australia,1975-07-24,50
39314,Male,"Leo Ligar","LIGHT PASS",SA,"South Australia",5355,Australia,Australia,1985-04-20,40
39498,Female,"Amy Curtain",SWANBROOK,NSW,"New South Wales",2360,Australia,Australia,1996-08-13,29
39582,Male,"Mason Therry",RISDON,TAS,Tasmania,7017,Australia,Australia,1974-03-15,51
39592,Female,"Alicia Muntz","SOUTH SPRINGFIELD",TAS,Tasmania,7260,Australia,Australia,1965-04-20,60
39894,Female,"Samantha Begg",JUNEE,NSW,"New South Wales",2663,Australia,Australia,1941-02-26,84
39927,Male,"Bailey Barnet",SORELL,TAS,Tasmania,7172,Australia,Australia,1984-05-15,41
39996,Male,"Harry Dawes",BENDOURA,NSW,"New South Wales",2622,Australia,Australia,2001-05-09,24
40052,Female,"Isabel Dettmann",WAVERTON,NSW,"New South Wales",2060,Australia,Australia,1957-09-06,68
40221,Male,"Jonathan Hammond","PARA HILLS WEST",SA,"South Australia",5096,Australia,Australia,2001-11-01,24
40327,Female,"Madeleine Laing",PIALLIGO,ACT,"Australian Capital Territory",2609,Australia,Australia,1940-08-23,85
40363,Female,"Alyssa Henslowe","DOUBLE BAY",NSW,"New South Wales",2028,Australia,Australia,1984-07-08,41
40443,Female,"Amber Normanby","CARSS PARK",NSW,"New South Wales",2221,Australia,Australia,1938-04-13,87
40649,Male,"Kai De Vis",KANGIARA,NSW,"New South Wales",2582,Australia,Australia,1972-11-29,53
40662,Male,"Oliver Michie","MOUNT HICKS",TAS,Tasmania,7325,Australia,Australia,1960-12-18,65
40669,Male,"Cody Wheare","MARTINS CREEK",NSW,"New South Wales",2420,Australia,Australia,1968-09-22,57
40741,Male,"Leo Bussau",HARLAXTON,QLD,Queensland,4350,Australia,Australia,1937-06-13,88
41281,Male,"Lincoln D'Albertis","FITZGERALDS MOUNT",NSW,"New South Wales",2799,Australia,Australia,1945-10-27,80
41386,Female,"Stephanie Grant","SEAL BAY",SA,"South Australia",5223,Australia,Australia,1948-06-20,77
41570,Male,"Rory Brough","East Point",NT,"Northern Territory",820,Australia,Australia,1937-08-15,88
41674,Male,"Jonathan Hodges","NORTH LAKE GRACE",WA,"Western Australia",6353,Australia,Australia,1938-03-04,87
41707,Male,"Joseph Wheeler",YALLAH,NSW,"New South Wales",2530,Australia,Australia,1957-04-19,68
41892,Female,"Madeline Eales",DARGAN,NSW,"New South Wales",2786,Australia,Australia,1983-01-09,43
42134,Male,"Benjamin Ethel","EAST YUNA",WA,"Western Australia",6532,Australia,Australia,1942-09-22,83
42177,Male,"Brock James",ELLEKER,WA,"Western Australia",6330,Australia,Australia,1960-07-19,65
42364,Female,"Layla Silas","MARLO MERRICAN",NSW,"New South Wales",2446,Australia,Australia,1952-09-27,73
42408,Male,"Noah Hinchcliffe","THE PALMS",QLD,Queensland,4570,Australia,Australia,1988-11-04,37
42474,Male,"Alexander Leane",NUBBA,NSW,"New South Wales",2587,Australia,Australia,2000-05-23,25
42603,Female,"Amy Sawyer",CUSHNIE,QLD,Queensland,4608,Australia,Australia,2000-10-09,25
42840,Female,"Savannah Lansell",XANTIPPE,WA,"Western Australia",6609,Australia,Australia,1936-05-23,89
42956,Male,"Ben Raff",BARA,NSW,"New South Wales",2850,Australia,Australia,1944-05-06,81
43784,Male,"Jeremy Iliffe",SNOWTOWN,SA,"South Australia",5520,Australia,Australia,1951-03-19,74
43798,Female,"Rachel Welch",AMAMOOR,QLD,Queensland,4570,Australia,Australia,1966-01-11,60
43840,Female,"Rose Vlamingh",OATLANDS,TAS,Tasmania,7120,Australia,Australia,1950-01-19,76
44080,Female,"Rachel Baldwin",Brighton,VIC,Victoria,3186,Australia,Australia,1954-01-20,72
44195,Male,"Brayden Topp","LOWER MANGROVE",NSW,"New South Wales",2250,Australia,Australia,1984-01-09,42
44207,Female,"Stella Sternberg","KESWICK TERMINAL",SA,"South Australia",5035,Australia,Australia,1984-03-16,41
44301,Female,"Annabelle Feetham",DUNNROCK,QLD,Queensland,4740,Australia,Australia,1947-10-04,78
44493,Female,"Jorja Colechin","JACKEYS MARSH",TAS,Tasmania,7304,Australia,Australia,1963-04-28,62
44496,Male,"Spencer Beach","MOUNT JOY",SA,"South Australia",5670,Australia,Australia,1949-09-28,76
44728,Female,"Abbey Remington",DIGGORA,VIC,Victoria,3561,Australia,Australia,1953-03-14,72
44906,Male,"Tyson Backhouse","MOUNT GAMBIER",SA,"South Australia",5291,Australia,Australia,1994-10-06,31
45169,Female,"Victoria Ness",GLENROY,QLD,Queensland,4702,Australia,Australia,1990-04-04,35
45172,Female,"Audrey Crooke",SCOPUS,TAS,Tasmania,7330,Australia,Australia,1986-05-25,39
45250,Male,"Darcy Fryer",SACKVILLE,NSW,"New South Wales",2756,Australia,Australia,1968-11-21,57
45436,Female,"Maya McIlveen",MILLFIELD,NSW,"New South Wales",2325,Australia,Australia,1952-04-16,73
45522,Male,"Alexander Fenston",TIMBILLICA,NSW,"New South Wales",2551,Australia,Australia,1985-04-09,40
45781,Male,"Bailey Coxen",PONTVILLE,TAS,Tasmania,7030,Australia,Australia,1946-02-27,79
45814,Male,"Declan Richard","SPRING HILL",NSW,"New South Wales",2800,Australia,Australia,1968-04-05,57
46155,Female,"Alice Phillip",BOWES,WA,"Western Australia",6535,Australia,Australia,1956-02-16,70
46917,Male,"Jamie Price",MERU,WA,"Western Australia",6530,Australia,Australia,2000-01-03,26
46996,Male,"Jonathan Kempt","MURRAY ISLAND",QLD,Queensland,4875,Australia,Australia,1987-02-20,39
47382,Female,"Brooke Richardson",NORTHGATE,SA,"South Australia",5085,Australia,Australia,1955-05-02,70
47518,Female,"Alana Spencer",UNDULLAH,QLD,Queensland,4285,Australia,Australia,1946-05-13,79
47712,Male,"Aidan Dethridge",CREMORNE,NSW,"New South Wales",2090,Australia,Australia,1976-08-30,49
48080,Male,"Lincoln Muscio","FERNY CREEK",VIC,Victoria,3786,Australia,Australia,1940-04-10,85
48247,Male,"Joseph Clemes","HAY FLAT",SA,"South Australia",5204,Australia,Australia,1967-05-05,58
48367,Female,"Rose Allardyce",INSKIP,QLD,Queensland,4581,Australia,Australia,1949-04-09,76
48383,Female,"Chloe Gillen","KOYUGA SOUTH",VIC,Victoria,3621,Australia,Australia,1951-06-06,74
48466,Female,"Matilda Shields","HASTINGS POINT",NSW,"New South Wales",2489,Australia,Australia,1984-12-13,41
48733,Female,"Sophia Gunther",BALCOLYN,NSW,"New South Wales",2264,Australia,Australia,1989-07-22,36
48846,Female,"Lucy Kellway",BOWELLING,WA,"Western Australia",6225,Australia,Australia,1944-11-04,81
48925,Male,"Elijah Albert",WOOLOCUTTY,WA,"Western Australia",6369,Australia,Australia,1939-09-15,86
49400,Male,"Mason Ransford",WOOMBYE,QLD,Queensland,4559,Australia,Australia,1967-03-15,58
49501,Female,"Amelie Edmondson",BUNGABBEE,NSW,"New South Wales",2480,Australia,Australia,1982-07-16,43
49606,Female,"Claire Kerr",GREYMARE,QLD,Queensland,4370,Australia,Australia,1950-04-10,75
49748,Male,"Tyson Flowers",PARUNA,SA,"South Australia",5311,Australia,Australia,1980-02-14,46
49776,Female,"Jessica Warburton","ROCKLEY MOUNT",NSW,"New South Wales",2795,Australia,Australia,1944-07-31,81
49950,Female,"Tayla Canterbury","EAST LAUNCESTON",TAS,Tasmania,7250,Australia,Australia,1998-10-18,27
50075,Male,"Jayden Lloyd","MOUNT MURCHISON",QLD,Queensland,4715,Australia,Australia,1961-11-07,64
50122,Female,"Brianna O'Neil",SURBITON,QLD,Queensland,4724,Australia,Australia,1979-09-30,46
50681,Male,"Benjamin Makin","MOUNT DRUITT VILLAGE",NSW,"New South Wales",2770,Australia,Australia,1936-11-18,89
50705,Female,"Scarlett Reeve",YEAGARUP,WA,"Western Australia",6260,Australia,Australia,1948-08-23,77
50719,Female,"Angelina Wunderlich","POINT GREY",WA,"Western Australia",6208,Australia,Australia,1995-03-27,30
50741,Male,"Tyson Hurley",FRANKFORD,TAS,Tasmania,7275,Australia,Australia,1942-01-23,84
51172,Female,"Gabriella Tozer",ELINGAMITE,VIC,Victoria,3266,Australia,Australia,1957-12-04,68
51201,Female,"Samantha Jacoby","BIRMINGHAM GARDENS",NSW,"New South Wales",2287,Australia,Australia,1939-03-04,86
51228,Male,"Marcus Christian",GIRU,QLD,Queensland,4809,Australia,Australia,1978-01-31,48
51314,Female,"Bianca Stobie",DUVERNEY,VIC,Victoria,3323,Australia,Australia,1954-06-23,71
51429,Male,"Thomas Kavel","WONBOYN LAKE",NSW,"New South Wales",2551,Australia,Australia,1979-01-05,47
51648,Female,"Jasmine Sellar",KYBUNGA,SA,"South Australia",5453,Australia,Australia,1989-06-11,36
51649,Male,"Toby Batchelor",YANDINA,QLD,Queensland,4561,Australia,Australia,1958-02-26,67
51718,Female,"Phoebe Voss",HACKNEY,SA,"South Australia",5069,Australia,Australia,1938-07-25,87
52435,Male,"Charles Kenneally",YADBORO,NSW,"New South Wales",2539,Australia,Australia,1956-02-29,69
52536,Male,"Jamie Kavanagh",PINEWOOD,VIC,Victoria,3149,Australia,Australia,1987-02-16,39
52694,Female,"Grace Bidwill",Sheffield,TAS,Tasmania,7306,Australia,Australia,1972-05-21,53
53168,Male,"Dylan Monds",JOYNER,QLD,Queensland,4500,Australia,Australia,1959-04-05,66
53260,Female,"Keira Rowallan","MOUNT FRANKLIN",VIC,Victoria,3461,Australia,Australia,1936-05-09,89
53318,Female,"Grace Osburn",TOWNSON,QLD,Queensland,4341,Australia,Australia,1954-12-03,71
53891,Male,"Dominic Baylee",BINDA,NSW,"New South Wales",2583,Australia,Australia,1944-02-10,82
53920,Female,"Jade Higgins",BUCKENBOWRA,NSW,"New South Wales",2536,Australia,Australia,1986-03-27,39
54089,Male,"Jake Toft","THE GLEN",NSW,"New South Wales",2476,Australia,Australia,1936-09-11,89
54161,Male,"Leo Voss","WOODY POINT",QLD,Queensland,4019,Australia,Australia,1992-06-24,33
54535,Male,"Joshua Nugan",CANNINDAH,QLD,Queensland,4630,Australia,Australia,1957-11-08,68
54560,Female,"Eden Bickford","ABINGDON DOWNS",QLD,Queensland,4871,Australia,Australia,1962-05-30,63
54582,Female,"Leah Fairbridge",LIMONITE,VIC,Victoria,3871,Australia,Australia,1978-09-15,47
54627,Male,"John Randall",TROWUTTA,TAS,Tasmania,7330,Australia,Australia,1968-05-25,57
54704,Female,"Alice Bartlett",TRAVANCORE,VIC,Victoria,3032,Australia,Australia,1951-10-22,74
54752,Female,"Natasha Morrison","SOUTH BUNBURY",WA,"Western Australia",6230,Australia,Australia,1965-12-16,60
54794,Female,"Georgia Barclay-Harvey",GARIE,NSW,"New South Wales",2232,Australia,Australia,1965-08-09,60
54987,Male,"Isaac Sturt",MARMION,WA,"Western Australia",6020,Australia,Australia,1939-05-24,86
55039,Male,"James Connal","MOUNT MORIAC",VIC,Victoria,3240,Australia,Australia,1960-10-07,65
55066,Male,"Samuel Atherton","DOLLYS FLAT",NSW,"New South Wales",2429,Australia,Australia,1942-02-14,84
55084,Male,"Angus Ten",PARAP,NT,"Northern Territory",820,Australia,Australia,1963-12-03,62
55411,Female,"Lilian Stainforth","PHOENIX PARK",NSW,"New South Wales",2321,Australia,Australia,1982-02-05,44
55464,Female,"Holly Mansour","PADDYS RIVER",NSW,"New South Wales",2653,Australia,Australia,1981-11-16,44
55715,Female,"Eve Jephcott",HERDSMAN,WA,"Western Australia",6017,Australia,Australia,1986-03-23,39
55914,Male,"Lachlan Webb","SOUTH FREMANTLE",WA,"Western Australia",6162,Australia,Australia,1992-07-31,33
56161,Male,"Aidan Burnett","UPPER CASTRA",TAS,Tasmania,7315,Australia,Australia,1994-05-02,31
56480,Female,"Zoe Tyrrell",KYBUNGA,SA,"South Australia",5453,Australia,Australia,1975-03-25,50
56562,Female,"Lucy Mansour","ALBERT PARK",VIC,Victoria,3206,Australia,Australia,1949-11-05,76
56791,Male,"Charlie Kenyon",DUNLUCE,VIC,Victoria,3472,Australia,Australia,1994-08-26,31
56834,Female,"Abigail McElhone","PIKES CREEK",QLD,Queensland,4380,Australia,Australia,1964-01-13,62
56951,Female,"Kate Bardsley",HURSTBRIDGE,VIC,Victoria,3099,Australia,Australia,1985-10-20,40
56999,Female,"Amelia Fargher",CORNDALE,NSW,"New South Wales",2480,Australia,Australia,1984-02-26,41
57093,Male,"Hayden Laidley","SPRING MOUNTAIN",NSW,"New South Wales",2360,Australia,Australia,1954-02-09,72
57246,Male,"Toby Dillon","CITY WEST CAMPUS",SA,"South Australia",5000,Australia,Australia,1987-03-10,38
57294,Female,"Makayla Bold","TRARALGON EAST",VIC,Victoria,3844,Australia,Australia,1980-05-15,45
57307,Female,"Eva Hickson",RAINBOW,VIC,Victoria,3424,Australia,Australia,1980-11-14,45
57374,Male,"Jack Coote",COLONGRA,NSW,"New South Wales",2262,Australia,Australia,1938-01-19,88
57491,Male,"Ryan Custance",MILLBANK,QLD,Queensland,4670,Australia,Australia,1985-09-16,40
57662,Male,"Archer Tozer","COALSTOUN LAKES",QLD,Queensland,4621,Australia,Australia,1982-06-10,43
57681,Male,"Caleb Louat",ROCKWELL,WA,"Western Australia",6532,Australia,Australia,1958-05-05,67
57820,Male,"Edward Howarde",DARGO,VIC,Victoria,3862,Australia,Australia,1951-05-05,74
57938,Male,"Alexander Courtice",LIPAROO,VIC,Victoria,3549,Australia,Australia,1979-10-09,46
58066,Male,"Andrew Forde",ASHMONT,NSW,"New South Wales",2650,Australia,Australia,1942-10-23,83
58105,Female,"Mariam Bright",CAMBRAI,SA,"South Australia",5353,Australia,Australia,1980-04-12,45
58212,Female,"Amy Goffage",OAKFORD,WA,"Western Australia",6121,Australia,Australia,1965-01-04,61
58710,Male,"Jordan Foveaux",GOSNELLS,WA,"Western Australia",6110,Australia,Australia,1949-11-21,76
58919,Female,"Kaitlyn Fenton","FLOREAT FORUM",WA,"Western Australia",6014,Australia,Australia,1960-09-13,65
59159,Female,"Maya Pasley","CAPE HILLSBOROUGH",QLD,Queensland,4740,Australia,Australia,1947-07-29,78
59304,Male,"Patrick Collie",CARLINGFORD,NSW,"New South Wales",2118,Australia,Australia,1953-10-01,72
59422,Female,"Amber Sykes",HILLGROVE,NSW,"New South Wales",2350,Australia,Australia,1990-02-13,36
59529,Female,"Alice Blumenthal","FOREST GLEN",NSW,"New South Wales",2157,Australia,Australia,1992-05-28,33
59842,Male,"Lucas McClure",BLETCHINGTON,NSW,"New South Wales",2800,Australia,Australia,1939-01-19,87
59961,Male,"Harry Hambly",GALORE,NSW,"New South Wales",2652,Australia,Australia,1948-02-03,78
60009,Female,"Natasha Gall","TOWNSVILLE CITY",QLD,Queensland,4810,Australia,Australia,1989-10-12,36
60088,Female,"Evie Brownbill","PAGES FLAT",SA,"South Australia",5172,Australia,Australia,1982-06-02,43
60150,Female,"Jasmine Mackay","NORTHLAND CENTRE",VIC,Victoria,3072,Australia,Australia,1964-02-14,62
60407,Male,"Alexander Earp",POZIERES,QLD,Queensland,4352,Australia,Australia,1944-09-04,81
60411,Female,"Eliza Solly",HIGHBURY,WA,"Western Australia",6313,Australia,Australia,1938-10-15,87
60454,Male,"Toby Normanby","LOWER LEWIS PONDS",NSW,"New South Wales",2800,Australia,Australia,1953-05-05,72
60475,Male,"Joel Sharwood","CUDLEE CREEK",SA,"South Australia",5232,Australia,Australia,1948-05-27,77
60722,Male,"Logan Dowie",KOOROOMOOL,QLD,Queensland,4854,Australia,Australia,1985-06-08,40
60892,Male,"Seth Soubeiran",MOOLORT,VIC,Victoria,3465,Australia,Australia,1964-01-24,62
60995,Male,"Matthew Caron",TUENA,NSW,"New South Wales",2583,Australia,Australia,1955-09-17,70
61546,Female,"Alexis Heagney","COASTERS RETREAT",NSW,"New South Wales",2108,Australia,Australia,1953-09-14,72
61718,Female,"Chloe Schlapp","ALLIGATOR CREEK",QLD,Queensland,4816,Australia,Australia,1956-06-01,69
61773,Female,"Gabrielle Kossak",CAROONA,NSW,"New South Wales",2343,Australia,Australia,2001-04-22,24
61776,Male,"Mitchell Cockle","TALLOWWOOD RIDGE",NSW,"New South Wales",2453,Australia,Australia,1954-07-06,71
61825,Male,"Kai Culley",ERSKINEVILLE,NSW,"New South Wales",2043,Australia,Australia,1995-10-09,30
61881,Female,"Rose Budd",ALBERTON,VIC,Victoria,3971,Australia,Australia,1994-05-11,31
61947,Female,"Amber Tolmie",NORVAL,VIC,Victoria,3377,Australia,Australia,1996-12-15,29
62017,Female,"Grace Humphries",HASTINGS,WA,"Western Australia",6308,Australia,Australia,1954-09-21,71
62035,Male,"John Duesbury",TIARO,QLD,Queensland,4650,Australia,Australia,1952-03-18,73
62038,Male,"Henry Birdwood",HINDMARSH,SA,"South Australia",5007,Australia,Australia,1997-06-05,28
62076,Male,"Brock Edden",ORIELTON,TAS,Tasmania,7172,Australia,Australia,1945-12-03,80
62125,Female,"Ava Lowes",IVERAGH,QLD,Queensland,4680,Australia,Australia,1978-04-10,47
62133,Male,"Jonathan Fargher",GWABEGAR,NSW,"New South Wales",2356,Australia,Australia,1996-04-27,29
62163,Female,"Amelia O'Neil","POINT LEO",VIC,Victoria,3916,Australia,Australia,1961-09-22,64
62416,Female,"Isabelle Whitworth",EIMEO,QLD,Queensland,4740,Australia,Australia,1943-02-23,82
62473,Female,"Mary Baskerville","PORT GERMEIN",SA,"South Australia",5495,Australia,Australia,1966-09-03,59
62537,Female,"Lauren Nichols",WOOLOOMAN,QLD,Queensland,4310,Australia,Australia,1937-05-03,88
62590,Male,"Aiden Thirkell",ROMAINE,TAS,Tasmania,7320,Australia,Australia,1972-11-16,53
63342,Male,"Joel Spowers",KWEDA,WA,"Western Australia",6306,Australia,Australia,1971-10-06,54
63597,Male,"Darcy Penington",RIVERHILLS,QLD,Queensland,4074,Australia,Australia,1939-04-19,86
63681,Male,"Justin Grahamslaw","POSSUM BRUSH",NSW,"New South Wales",2430,Australia,Australia,1936-04-27,89
63807,Male,"Ashton Bower","ALLAMBIE HEIGHTS",NSW,"New South Wales",2100,Australia,Australia,1948-12-02,77
63957,Female,"Dakota Nixon-Smith",FORTHSIDE,TAS,Tasmania,7310,Australia,Australia,1991-01-13,35
64017,Female,"Ruby Sternberg",BRIGHTVIEW,QLD,Queensland,4311,Australia,Australia,1964-10-05,61
64037,Male,"Andrew Wilkie",WONGARBON,NSW,"New South Wales",2831,Australia,Australia,1936-09-13,89
64104,Female,"Brooke Cascarret",COOTRA,SA,"South Australia",5650,Australia,Australia,1938-06-26,87
64210,Male,"Lucas De Garis",Sheffield,TAS,Tasmania,7306,Australia,Australia,1992-04-05,33
64491,Male,"Oliver McCloughry",MELBA,ACT,"Australian Capital Territory",2615,Australia,Australia,1997-09-15,28
64511,Female,"Alice Gouger",ARGOON,QLD,Queensland,4702,Australia,Australia,1963-01-05,63
64764,Male,"Jacob Pelsaert",LESLEY,WA,"Western Australia",6111,Australia,Australia,1986-03-03,39
64842,Male,"Levi Strele","MOUNT OUSLEY",NSW,"New South Wales",2519,Australia,Australia,1971-09-05,54
64989,Female,"Alice Moynihan","COMMISSIONERS CREEK",NSW,"New South Wales",2484,Australia,Australia,1994-03-04,31
65112,Female,"Ebony Fairley","POINT TURTON",SA,"South Australia",5575,Australia,Australia,1951-09-03,74
65163,Female,"Abigail Considen",Beaufort,VIC,Victoria,3373,Australia,Australia,1954-01-19,72
65180,Female,"Maya Colvin",NORTHLAKES,NT,"Northern Territory",812,Australia,Australia,1979-01-28,47
65210,Female,"Caitlin Spooner",DOWLINGVILLE,SA,"South Australia",5555,Australia,Australia,1948-11-08,77
65269,Female,"Scarlett Roach",BARWIDGEE,VIC,Victoria,3737,Australia,Australia,1941-01-24,85
65283,Female,"Jessica Latham",BUNGUNDARRA,QLD,Queensland,4703,Australia,Australia,1943-04-05,82
65372,Male,"Logan Iredale","LONG FLAT",QLD,Queensland,4570,Australia,Australia,1986-06-11,39
65507,Female,"Grace Deane","DARLING HEIGHTS",QLD,Queensland,4350,Australia,Australia,1979-05-07,46
65544,Male,"Dylan Smerd","LAKE MUIR",WA,"Western Australia",6258,Australia,Australia,1957-11-14,68
65856,Male,"Harrison Cantamessa","ARNOLD WEST",VIC,Victoria,3551,Australia,Australia,1955-10-28,70
66352,Female,"Bethany Hose",NULSEN,WA,"Western Australia",6450,Australia,Australia,1959-03-10,66
66610,Female,"Charli Frost",FERNSHAW,VIC,Victoria,3778,Australia,Australia,1982-02-09,44
66677,Female,"Abby O'Mahony",TINGHA,NSW,"New South Wales",2369,Australia,Australia,1978-01-16,48
67066,Male,"Alexander Newling","MOUNT RICHON",WA,"Western Australia",6112,Australia,Australia,1950-09-09,75
67157,Male,"Levi Knox","KIAMA DOWNS",NSW,"New South Wales",2533,Australia,Australia,1937-04-04,88
67217,Male,"Aiden De Burgh","JUBILEE HEIGHTS",QLD,Queensland,4860,Australia,Australia,1983-03-04,42
67369,Female,"Rachel Gairdner","ZADOWS LANDING",SA,"South Australia",5254,Australia,Australia,1997-01-26,29
67380,Female,"Alexis Melville","HORSNELL GULLY",SA,"South Australia",5141,Australia,Australia,1958-03-13,67
67398,Male,"Harrison Trigg",MONASH,ACT,"Australian Capital Territory",2904,Australia,Australia,1998-02-04,28
67455,Male,"Logan Armytage","GREEN HILLS",NSW,"New South Wales",2730,Australia,Australia,1993-09-15,32
67481,Male,"Beau Fitzgerald","RED BANKS",SA,"South Australia",5502,Australia,Australia,1954-01-17,72
67744,Male,"Elijah Newbery",PUNCHBOWL,TAS,Tasmania,7249,Australia,Australia,1944-07-03,81
68000,Male,"Aaron Sasse","CANNING CREEK",QLD,Queensland,4357,Australia,Australia,1973-01-22,53
68082,Female,"Sienna Prentice","CROYDON PARK",NSW,"New South Wales",2133,Australia,Australia,1975-04-30,50
68537,Male,"Toby Vickery",MARMOR,QLD,Queensland,4702,Australia,Australia,1977-10-30,48
68745,Female,"Mia Bowser",SASSAFRAS,VIC,Victoria,3787,Australia,Australia,1942-10-03,83
68882,Male,"Tyson Spears",YIMBUN,QLD,Queensland,4313,Australia,Australia,1994-12-04,31
69066,Female,"Kaitlyn Siede",FARINA,SA,"South Australia",5733,Australia,Australia,1989-11-26,36
69280,Female,"Mikayla Edments",MARCOLLAT,SA,"South Australia",5271,Australia,Australia,1945-10-02,80
69557,Male,"Will Pryor",MAXWELTON,QLD,Queensland,4822,Australia,Australia,1974-02-13,52
69645,Female,"Ava Shout","MOUNT CLEAR",VIC,Victoria,3350,Australia,Australia,1995-11-28,30
69707,Female,"Zoe Burnett","UMINA BEACH",NSW,"New South Wales",2257,Australia,Australia,1935-08-09,90
69754,Female,"Lucy Stone-Wigg","MOUNTAIN CREEK",NSW,"New South Wales",2644,Australia,Australia,1962-04-17,63
69812,Female,"Alexandra Murphy",MARENGO,VIC,Victoria,3233,Australia,Australia,1983-04-19,42
69954,Female,"Keira Bourchier",Riverside,NSW,"New South Wales",2444,Australia,Australia,1957-12-02,68
69959,Male,"Marcus Kingsmill",MOLESWORTH,VIC,Victoria,3718,Australia,Australia,1977-02-15,49
70130,Female,"Alana Cordeaux",BALLIDU,WA,"Western Australia",6606,Australia,Australia,1969-07-07,56
70453,Female,"Isabella Ashby",BELLATA,NSW,"New South Wales",2397,Australia,Australia,1970-11-25,55
70544,Male,"Luca Symons",Woodford,NSW,"New South Wales",2463,Australia,Australia,1984-05-09,41
70584,Male,"Jesse Forbes",Dalton,NSW,"New South Wales",2581,Australia,Australia,1998-09-06,27
70598,Female,"Gemma Swanson",ALISON,NSW,"New South Wales",2259,Australia,Australia,1968-12-27,57
70912,Female,"Evie Wieck",SEVILLE,VIC,Victoria,3139,Australia,Australia,1977-11-15,48
71218,Male,"Declan Chaffey",Montrose,QLD,Queensland,4370,Australia,Australia,1947-10-26,78
71220,Male,"Finn Lysaght","BOORAN ROAD PO",VIC,Victoria,3163,Australia,Australia,1999-02-11,27
71282,Female,"Claudia Winter-Irving","GIN GIN",QLD,Queensland,4671,Australia,Australia,1947-06-04,78
71333,Male,"James De Mestre","HMAS WATSON",NSW,"New South Wales",2030,Australia,Australia,1979-12-27,46
71343,Male,"Liam Espie","PINK LILY",QLD,Queensland,4702,Australia,Australia,1980-06-07,45
71511,Male,"Ben Flick","BAKERS CREEK",NSW,"New South Wales",2422,Australia,Australia,1998-08-13,27
71625,Male,"Liam Gellert","MYRTLE CREEK",VIC,Victoria,3444,Australia,Australia,1972-11-04,53
71941,Female,"Erin Baylebridge",GREENETHORPE,NSW,"New South Wales",2809,Australia,Australia,1960-11-17,65
72003,Female,"Isabella Buntine",KILBIRNIE,QLD,Queensland,4354,Australia,Australia,1970-07-17,55
72194,Female,"Imogen Grills","WRATTENS FOREST",QLD,Queensland,4601,Australia,Australia,1981-06-01,44
72571,Female,"Claudia Callister",YOUNGHUSBAND,SA,"South Australia",5238,Australia,Australia,1966-12-18,59
72645,Female,"Abigail Chin Kaw","BAIRD BAY",SA,"South Australia",5671,Australia,Australia,1937-09-09,88
72719,Female,"Angelina Chinn","COCONUT GROVE",NT,"Northern Territory",810,Australia,Australia,1951-04-28,74
72812,Female,"Mary Reginald",BUSSELTON,WA,"Western Australia",6280,Australia,Australia,1966-05-23,59
72826,Male,"Hunter Edinburgh","COFFEE CAMP",NSW,"New South Wales",2480,Australia,Australia,1995-04-09,30
72959,Male,"Samuel Bryce","FLAMINGO BEACH",VIC,Victoria,3851,Australia,Australia,1974-05-14,51
73070,Male,"Tristan Minns",BEALIBA,VIC,Victoria,3475,Australia,Australia,1955-01-19,71
73324,Male,"Zachary Gyles",MOULDEN,NT,"Northern Territory",830,Australia,Australia,1967-08-31,58
73515,Female,"Ella Hoover",GUILDFORD,NSW,"New South Wales",2161,Australia,Australia,1953-08-15,72
73636,Female,"Poppy Birch",COMOBELLA,NSW,"New South Wales",2820,Australia,Australia,1986-06-25,39
73704,Female,"Ebony Forlong",Sherwood,NSW,"New South Wales",2440,Australia,Australia,1968-12-07,57
73955,Female,"Erin Brazenor",IRONBARK,QLD,Queensland,4306,Australia,Australia,1937-09-29,88
74071,Female,"Bethany Gow",CLYDE,VIC,Victoria,3978,Australia,Australia,1982-06-03,43
74210,Female,"Maddison Thurgood",BLACKBUTT,NSW,"New South Wales",2529,Australia,Australia,1959-04-23,66
74240,Male,"Darcy Sleep",NAPPERBY,SA,"South Australia",5540,Australia,Australia,1989-08-01,36
74581,Female,"Lily Allum",CLUNES,NSW,"New South Wales",2480,Australia,Australia,1956-10-11,69
74585,Male,"Hugo MacCarthy",BRIGHTLY,QLD,Queensland,4741,Australia,Australia,1956-07-22,69
74606,Male,"Julian Davenport",Cleveland,NSW,"New South Wales",2530,Australia,Australia,2001-10-26,24
74687,Male,"Lincoln Cordeaux",WALKAWAY,WA,"Western Australia",6528,Australia,Australia,1959-04-21,66
74715,Male,"Joel Tritton","LOWER MANGROVE",NSW,"New South Wales",2250,Australia,Australia,1976-01-18,50
74845,Male,"Jake Bugden",THALOO,VIC,Victoria,3825,Australia,Australia,1939-11-16,86
74871,Male,"Hugo Finnis",KNOXFIELD,VIC,Victoria,3180,Australia,Australia,1981-05-07,44
75216,Male,"Mitchell Amess","PURNONG LANDING",SA,"South Australia",5238,Australia,Australia,1997-02-21,29
75555,Female,"Molly Crookes",WALKERSTON,QLD,Queensland,4751,Australia,Australia,1996-03-06,29
75706,Female,"Eliza D'Alton",BEERON,QLD,Queensland,4626,Australia,Australia,1948-01-03,78
75712,Male,"Brodie Birkbeck",ARMAGH,SA,"South Australia",5453,Australia,Australia,1979-08-28,46
75832,Female,"Charli Eden","SOUTH KINGSVILLE",VIC,Victoria,3015,Australia,Australia,1986-07-09,39
75965,Male,"Luca Schmella","SPRING BLUFF",QLD,Queensland,4352,Australia,Australia,1990-02-21,36
75976,Female,"Angelina Hyman","PAGES RIVER",NSW,"New South Wales",2338,Australia,Australia,1985-11-22,40
75991,Male,"Charles Glew","DARLINGTON POINT",NSW,"New South Wales",2706,Australia,Australia,1979-08-17,46
76013,Female,"Amber Cobby",GOULBURN,NSW,"New South Wales",2580,Australia,Australia,1981-11-29,44
76021,Male,"Jett Moncrieff",MAYFIELD,NSW,"New South Wales",2622,Australia,Australia,1960-07-26,65
76149,Female,"Paige Scobie",GLENVALE,QLD,Queensland,4350,Australia,Australia,1972-06-15,53
76499,Female,"Kiara Pearse",KOSCIUSZKO,NSW,"New South Wales",2624,Australia,Australia,1942-03-05,83
76526,Male,"Jaxon Courtney",MONOGORILBY,QLD,Queensland,4626,Australia,Australia,1967-12-15,58
76531,Female,"Rebecca Liebe",MATONG,NSW,"New South Wales",2652,Australia,Australia,1943-11-26,82
76532,Female,"Summer Gotch",GLENDAMBO,SA,"South Australia",5710,Australia,Australia,1970-06-25,55
76560,Male,"Archie Dilke","MARYS MOUNT",NSW,"New South Wales",2380,Australia,Australia,1956-02-12,70
76618,Female,"Mackenzie Wilkes",MAWSON,ACT,"Australian Capital Territory",2607,Australia,Australia,1964-10-22,61
76714,Male,"Jasper Garvin",COBAR,NSW,"New South Wales",2835,Australia,Australia,1958-10-29,67
76891,Male,"Gabriel Schreiber","BAERAMI CREEK",NSW,"New South Wales",2333,Australia,Australia,1976-11-13,49
76979,Female,"Alice Maccallum",KURUNJANG,VIC,Victoria,3337,Australia,Australia,1990-04-20,35
77128,Male,"Xavier Byron",WARUMBUL,NSW,"New South Wales",2229,Australia,Australia,1951-08-22,74
77150,Male,"Timothy McCarthy","AUBURN VALE",NSW,"New South Wales",2360,Australia,Australia,1970-10-29,55
77290,Female,"Gemma Boston",BOOROOBIN,QLD,Queensland,4552,Australia,Australia,1947-09-13,78
77303,Male,"Caleb Walsh",WOODCROFT,SA,"South Australia",5162,Australia,Australia,2000-04-05,25
77409,Female,"Mary Ingamells","BULL CREEK",WA,"Western Australia",6149,Australia,Australia,1945-05-31,80
77534,Female,"Leah Brock","LAKE CATHIE",NSW,"New South Wales",2445,Australia,Australia,1965-04-13,60
77685,Male,"Beau McLachlan",PEMBROOKE,NSW,"New South Wales",2446,Australia,Australia,1995-10-26,30
77709,Female,"Ashley Eggleston","CRANBOURNE SOUTH",VIC,Victoria,3977,Australia,Australia,1976-02-05,50
77742,Female,"Rebecca Weindorfer","KY WEST",VIC,Victoria,3621,Australia,Australia,1973-04-21,52
77832,Female,"Poppy Cawood",NEILREX,NSW,"New South Wales",2831,Australia,Australia,1989-05-18,36
78097,Male,"Zac Kavanagh",Bangor,NSW,"New South Wales",2234,Australia,Australia,1994-06-21,31
78428,Female,"Audrey Zimin",SANDRINGHAM,VIC,Victoria,3191,Australia,Australia,1987-12-07,38
78578,Male,"Hamish Garrick",NICHOLSON,VIC,Victoria,3882,Australia,Australia,1983-01-17,43
78616,Female,"Stephanie Sheldon",DARLIMURLA,VIC,Victoria,3871,Australia,Australia,1950-06-23,75
79131,Male,"Joel Luxton","PALMYRA DC",WA,"Western Australia",6157,Australia,Australia,1952-09-12,73
79191,Female,"Caitlyn Waterhouse",TORRYBURN,NSW,"New South Wales",2358,Australia,Australia,1984-11-09,41
79245,Female,"Natalie Henley",NEUREA,NSW,"New South Wales",2820,Australia,Australia,1985-10-22,40
79667,Male,"Sebastian Leibius",HILLSIDE,VIC,Victoria,3037,Australia,Australia,1967-07-09,58
79808,Female,"Alannah Nuyts",TUNCURRY,NSW,"New South Wales",2428,Australia,Australia,1957-09-22,68
80029,Male,"Archer Hanton","EAST BOWES",WA,"Western Australia",6535,Australia,Australia,1985-12-16,40
80128,Female,"Natalie Smeaton","PORT KEMBLA",NSW,"New South Wales",2505,Australia,Australia,1939-09-06,86
80155,Male,"Oscar McCabe",WINNAP,VIC,Victoria,3304,Australia,Australia,1980-03-01,45
80172,Female,"Georgia Bonython","KARRATHA INDUSTRIAL ESTATE",WA,"Western Australia",6714,Australia,Australia,1995-06-23,30
80273,Female,"Alyssa Fyans","TINAMBA WEST",VIC,Victoria,3859,Australia,Australia,1998-10-11,27
80279,Female,"Molly Pyke",COLLIE,WA,"Western Australia",6225,Australia,Australia,1955-02-26,70
80578,Female,"Savannah Badger","SHEPPARTON SOUTH",VIC,Victoria,3630,Australia,Australia,2000-01-27,26
80598,Male,"Levi Andrew",GINDORAN,QLD,Queensland,4676,Australia,Australia,1962-07-10,63
81018,Male,"Riley De La Rue",HUON,VIC,Victoria,3695,Australia,Australia,1951-08-06,74
81173,Female,"Annabelle Appel",KINGAHAM,QLD,Queensland,4515,Australia,Australia,1965-11-22,60
81518,Female,"Natasha Brydon",WALLOWAY,SA,"South Australia",5431,Australia,Australia,1982-08-24,43
81524,Male,"Jackson Hanger","CHINAMAN WELLS",SA,"South Australia",5573,Australia,Australia,1937-02-10,89
81720,Male,"Jaxon Foelsche",WARAMANGA,ACT,"Australian Capital Territory",2611,Australia,Australia,1941-05-08,84
81748,Female,"Bethany Macarthur","EAST MACKAY",QLD,Queensland,4740,Australia,Australia,1938-04-22,87
81993,Female,"Taylah Anderson","PARK HOLME",SA,"South Australia",5043,Australia,Australia,1993-01-01,33
82415,Male,"Zac McColl",WOODHILL,QLD,Queensland,4285,Australia,Australia,1961-12-31,64
82507,Male,"Archie Collicott",NURRAGI,SA,"South Australia",5256,Australia,Australia,1951-08-05,74
82533,Female,"Ellie Wardill","CAPALABA BC",QLD,Queensland,4157,Australia,Australia,1995-07-15,30
82644,Male,"Bailey Myer","THE GULF",NSW,"New South Wales",2371,Australia,Australia,1983-10-02,42
82689,Male,"Hamish Sear",YILKARI,WA,"Western Australia",6430,Australia,Australia,1985-11-28,40
83201,Male,"Brock Kenniff","POTTERY ESTATE",NSW,"New South Wales",2790,Australia,Australia,1980-09-22,45
83347,Male,"Elijah Kenyon","WOMBAT CREEK",NSW,"New South Wales",2460,Australia,Australia,1995-12-08,30
83643,Male,"Ashton Nona",CHATSBURY,NSW,"New South Wales",2580,Australia,Australia,1954-09-17,71
83651,Female,"Ellie Greenhalgh",STANHOPE,NSW,"New South Wales",2335,Australia,Australia,1953-12-01,72
83690,Male,"Alexander Chowne","BOOLE POOLE",VIC,Victoria,3880,Australia,Australia,1973-12-03,52
83705,Male,"Luke Buck",BIRKALLA,QLD,Queensland,4854,Australia,Australia,1935-04-09,90
83739,Male,"Justin FitzGibbon",CROWTHER,NSW,"New South Wales",2803,Australia,Australia,1957-06-26,68
83840,Female,"Zoe Monds",ALBERTON,TAS,Tasmania,7263,Australia,Australia,1988-01-02,38
83861,Female,"Jade McCaughey","NEWBOROUGH EAST",VIC,Victoria,3825,Australia,Australia,1993-12-01,32
83985,Male,"Koby Maccallum",CANUNDA,SA,"South Australia",5291,Australia,Australia,1998-08-14,27
84017,Male,"Joel Horner",TULKA,SA,"South Australia",5607,Australia,Australia,1938-06-18,87
84085,Male,"Jett Wisewould","TINGALPA BC",QLD,Queensland,4173,Australia,Australia,1972-02-13,54
85080,Female,"Lilly Leggatt","BUNG BONG",VIC,Victoria,3465,Australia,Australia,1966-02-27,59
85124,Male,"Riley Burnell",BUNDARRA,NSW,"New South Wales",2359,Australia,Australia,1966-01-12,60
85165,Male,"Ryan Mandalis",SOUTHTOWN,QLD,Queensland,4350,Australia,Australia,1968-12-09,57
85207,Male,"Julian Sternberg","MOUNT MCDONALD",NSW,"New South Wales",2793,Australia,Australia,1995-04-29,30
85220,Male,"Levi Prenzel",KOOJAN,WA,"Western Australia",6510,Australia,Australia,1984-04-15,41
85265,Female,"Abby McBrien","LOVETT BAY",NSW,"New South Wales",2105,Australia,Australia,2000-01-23,26
85381,Female,"Elizabeth Verco","TOOLARA FOREST",QLD,Queensland,4570,Australia,Australia,1978-05-15,47
85430,Male,"Tyler Telfer",ELLISTON,SA,"South Australia",5670,Australia,Australia,1958-09-12,67
85561,Male,"Blake Bird","ONE TREE",NSW,"New South Wales",2711,Australia,Australia,1990-10-30,35
85597,Male,"Jaxon Hornibrook",COOLANA,QLD,Queensland,4311,Australia,Australia,2001-03-22,24
85609,Female,"Charli Loftus-Hills",COCKATOO,QLD,Queensland,4419,Australia,Australia,1945-08-05,80
85804,Male,"Thomas Grant",CUMBOOGLE,NSW,"New South Wales",2830,Australia,Australia,1981-02-06,45
85861,Female,"Zara Tozer",COOLCHA,SA,"South Australia",5238,Australia,Australia,1962-04-08,63
85974,Female,"Poppy Egge",NUNGURNER,VIC,Victoria,3909,Australia,Australia,1970-03-15,55
86036,Male,"Christopher Agostini",CRAIGNISH,QLD,Queensland,4655,Australia,Australia,1948-12-08,77
86126,Male,"Tyler Blackmore",DUDININ,WA,"Western Australia",6363,Australia,Australia,1970-09-04,55
86207,Male,"Tyler Bright","MURRAY BRIDGE NORTH",SA,"South Australia",5253,Australia,Australia,1971-02-13,55
86267,Female,"Emma Bateson",WOODLANDS,NSW,"New South Wales",2536,Australia,Australia,1947-05-01,78
86297,Female,"Claire Gartrell",FRAHNS,SA,"South Australia",5238,Australia,Australia,1936-01-01,90
86358,Female,"Tahlia Lakeland",CAWONGLA,NSW,"New South Wales",2474,Australia,Australia,1942-05-17,83
86465,Female,"Amelie Venables",CARNEGIE,VIC,Victoria,3163,Australia,Australia,1962-09-12,63
86472,Male,"Ben Jack",MURRAGAMBA,NSW,"New South Wales",2850,Australia,Australia,1949-12-03,76
86475,Female,"Bianca Bugnion",YELARBON,QLD,Queensland,4388,Australia,Australia,1994-09-26,31
86903,Male,"Charlie Catani","LAKE PLAINS",SA,"South Australia",5255,Australia,Australia,1972-10-28,53
87032,Male,"Brodie Logue","CROSS ROADS",NSW,"New South Wales",2850,Australia,Australia,1967-10-15,58
87210,Female,"Mia Isaac",CAULFIELD,VIC,Victoria,3162,Australia,Australia,1985-12-17,40
87229,Female,"Jade Whitfeld",ESKDALE,QLD,Queensland,4312,Australia,Australia,1950-11-16,75
87277,Female,"Lauren Vidler",CORNWALLIS,NSW,"New South Wales",2756,Australia,Australia,1970-09-08,55
87290,Male,"Will Todd","KELVIN GROVE",QLD,Queensland,4059,Australia,Australia,1997-01-20,29
87414,Male,"Lachlan Viney",SEMAPHORE,SA,"South Australia",5019,Australia,Australia,1999-03-20,26
87464,Male,"Taj Danglow","CARLISLE RIVER",VIC,Victoria,3239,Australia,Australia,1990-05-26,35
87690,Male,"Aiden MacAdie",Alexandria,NSW,"New South Wales",2015,Australia,Australia,1998-09-24,27
87861,Female,"Abby Jeanneret","MOUNT COLAH",NSW,"New South Wales",2079,Australia,Australia,1959-04-07,66
87891,Male,"Hunter Hoad","TAREN POINT",NSW,"New South Wales",2229,Australia,Australia,1962-07-16,63
87895,Male,"Jaxon Fouch","FOREST CREEK",QLD,Queensland,4873,Australia,Australia,1958-05-10,67
88047,Female,"Madison Tindale","MERMAID WATERS",QLD,Queensland,4218,Australia,Australia,1959-09-10,66
88769,Male,"Jake Pugliese",KRAMBACH,NSW,"New South Wales",2429,Australia,Australia,1949-12-22,76
88785,Male,"Hunter Throssell",RYDE,NSW,"New South Wales",2112,Australia,Australia,1948-11-14,77
88791,Male,"Oliver Throssell","GEELONG WEST",VIC,Victoria,3218,Australia,Australia,1940-08-16,85
88838,Male,"Harry Manessis","St Peters",NSW,"New South Wales",2044,Australia,Australia,1951-07-29,74
88897,Male,"Nicholas Dunlop",BARWITE,VIC,Victoria,3722,Australia,Australia,1988-10-15,37
89416,Male,"Nicholas Dransfield",YAGOONYA,QLD,Queensland,4871,Australia,Australia,1963-09-05,62
89721,Female,"Evie Burrowes",APPIN,NSW,"New South Wales",2560,Australia,Australia,1959-08-16,66
89946,Male,"Luca Forro","MARX HILL",NSW,"New South Wales",2454,Australia,Australia,1991-09-28,34
90037,Female,"Milla Ashkanasy","BASIN POCKET",QLD,Queensland,4305,Australia,Australia,1970-03-09,55
90066,Male,"Hamish Michel",JERANGLE,NSW,"New South Wales",2630,Australia,Australia,1950-01-12,76
90079,Female,"Phoebe Trundle",BARMAH,VIC,Victoria,3639,Australia,Australia,1937-07-22,88
90281,Male,"Aidan Livingston",WOODSIDE,VIC,Victoria,3874,Australia,Australia,1974-10-22,51
90316,Female,"Dakota Romano","MOUNT EMLYN",QLD,Queensland,4357,Australia,Australia,1938-07-30,87
90388,Male,"Harry Schauer",EXETER,NSW,"New South Wales",2579,Australia,Australia,1995-02-19,31
90630,Female,"Tayla Newman-Morris",MUNDRABILLA,WA,"Western Australia",6443,Australia,Australia,1957-05-19,68
90814,Male,"Hudson Swain",KALYAN,SA,"South Australia",5308,Australia,Australia,1998-03-11,27
90893,Male,"Aaron Trenerry",MOORONG,NSW,"New South Wales",2650,Australia,Australia,1992-04-18,33
91218,Female,"Erin Heidenreich",NEWBRIDGE,NSW,"New South Wales",2795,Australia,Australia,1993-04-23,32
91545,Male,"Anthony Melba","GORMANS HILL",NSW,"New South Wales",2795,Australia,Australia,2001-12-08,24
91756,Male,"Nicholas Smalley",Damascus,QLD,Queensland,4671,Australia,Australia,1974-10-23,51
91913,Male,"Lucas Hussey",BUNJIL,WA,"Western Australia",6623,Australia,Australia,1943-09-20,82
91918,Female,"Milla Martel","ALEXANDRA HILLS",QLD,Queensland,4161,Australia,Australia,1951-06-25,74
91932,Female,"Gabrielle Goward",GRACETOWN,WA,"Western Australia",6284,Australia,Australia,1951-07-10,74
92275,Female,"Scarlett Griffen",WILLINA,NSW,"New South Wales",2423,Australia,Australia,1982-04-03,43
92311,Male,"Nate Lemmon",LOONGANA,TAS,Tasmania,7315,Australia,Australia,1959-07-30,66
92920,Female,"Keira McGowen","TWEED HEADS SOUTH",NSW,"New South Wales",2486,Australia,Australia,1945-08-25,80
93296,Male,"Luca Wren",MALINONG,SA,"South Australia",5259,Australia,Australia,1935-03-28,90
93314,Male,"Jaxon Silcock",KANIMBLA,QLD,Queensland,4870,Australia,Australia,1969-03-15,56
93339,Female,"Bianca Boston",KALGAN,WA,"Western Australia",6330,Australia,Australia,1940-01-07,86
93389,Female,"Sienna Mathews","HAMILTON CENTRAL",QLD,Queensland,4007,Australia,Australia,1952-10-01,73
93644,Female,"Alana Dunne",BRIMBIN,NSW,"New South Wales",2430,Australia,Australia,1962-03-18,63
93765,Male,"Tristan Foll",KOORINGAL,NSW,"New South Wales",2650,Australia,Australia,1950-11-30,75
93788,Female,"Ebony Wimble",LOCKHART,NSW,"New South Wales",2656,Australia,Australia,1963-12-15,62
93897,Female,"Emily Lyttle","SAFETY BAY",WA,"Western Australia",6169,Australia,Australia,1975-03-15,50
94445,Male,"Seth Greenhalgh",CADELLO,VIC,Victoria,3442,Australia,Australia,1946-04-27,79
94455,Female,"Makayla Ballard",JUNORTOUN,VIC,Victoria,3551,Australia,Australia,1984-04-26,41
94554,Female,"Rose Hale","LOWER MACDONALD",NSW,"New South Wales",2775,Australia,Australia,1984-06-08,41
94758,Female,"Tayla Collett",NORWELL,QLD,Queensland,4208,Australia,Australia,1950-02-20,76
95043,Male,"Patrick Horton",BUNJURGEN,QLD,Queensland,4310,Australia,Australia,1948-04-14,77
95275,Female,"Leah Riley",DAYSDALE,NSW,"New South Wales",2646,Australia,Australia,1960-03-27,65
96201,Male,"Nathan De Hamel",MORANBAH,QLD,Queensland,4744,Australia,Australia,1951-11-03,74
96331,Male,"Jai Blomfield",BOORCAN,VIC,Victoria,3265,Australia,Australia,1949-03-30,76
96426,Female,"Madeline Edge",DYSART,QLD,Queensland,4745,Australia,Australia,1992-12-06,33
96631,Female,"Elizabeth Schaw","LAKE GEORGE",NSW,"New South Wales",2581,Australia,Australia,1959-06-29,66
97219,Female,"Georgia Julius","SWAN BAY",VIC,Victoria,3225,Australia,Australia,1983-03-12,42
97228,Male,"Alex Smeaton","RUNNING STREAM",NSW,"New South Wales",2850,Australia,Australia,1943-04-12,82
97611,Male,"James Steinfeld",MERLYNSTON,VIC,Victoria,3058,Australia,Australia,1967-04-21,58
98002,Female,"Zara Finney",MARCHAGEE,WA,"Western Australia",6515,Australia,Australia,1985-08-15,40
98185,Female,"Laura Airey","BACK PLAINS",QLD,Queensland,4361,Australia,Australia,1996-08-13,29
98220,Male,"Oliver Cookson","RAMSGATE BEACH",NSW,"New South Wales",2217,Australia,Australia,1943-06-01,82
98337,Female,"Piper McDowell",MORIAC,VIC,Victoria,3240,Australia,Australia,1958-04-04,67
98396,Female,"Laura Walter",GLENBURN,VIC,Victoria,3717,Australia,Australia,1980-06-13,45
98583,Female,"Alana Kelly","LAKE TOOLBRUNUP",WA,"Western Australia",6320,Australia,Australia,1964-11-30,61
98584,Female,"Eden Grishin",WONUARRA,SA,"South Australia",5340,Australia,Australia,1984-12-11,41
99189,Female,"Mary Ward","GATTON COLLEGE",QLD,Queensland,4345,Australia,Australia,1965-04-08,60
99344,Male,"Taj Hillary",BELLIMBOPINNI,NSW,"New South Wales",2440,Australia,Australia,1998-02-20,28
99711,Male,"Isaac Strele","THE SHADES",NSW,"New South Wales",2866,Australia,Australia,1941-04-03,84
99810,Male,"Jaxon Vonwiller",KINGSTON,VIC,Victoria,3364,Australia,Australia,1939-03-05,86
99856,Male,"Cooper McGavin","FULHAM GARDENS",SA,"South Australia",5024,Australia,Australia,1968-01-27,58
99988,Male,"Daniel Deen",GLENLEE,VIC,Victoria,3418,Australia,Australia,1962-04-19,63
100040,Female,"Lilly Jose",STAVELY,VIC,Victoria,3379,Australia,Australia,1941-02-02,85
100092,Female,"Rebecca Laidley",GLENISLA,VIC,Victoria,3314,Australia,Australia,1991-10-22,34
100361,Male,"Dean Carrington",CHINANGIN,VIC,Victoria,3544,Australia,Australia,1944-07-25,81
100386,Male,"Ali Kinsella","MOUNT MOLLOY",QLD,Queensland,4871,Australia,Australia,1945-04-05,80
101064,Female,"Amelie Hillgrove",HYANDRA,NSW,"New South Wales",2830,Australia,Australia,1954-06-16,71
101100,Male,"Archer Edgerton",WOONGARRAH,NSW,"New South Wales",2259,Australia,Australia,1989-05-07,36
101173,Female,"Stephanie Crotty",EDITHBURGH,SA,"South Australia",5583,Australia,Australia,1959-03-29,66
102224,Female,"Ella Topp",Warren,SA,"South Australia",5233,Australia,Australia,1973-07-03,52
102466,Female,"Abigail Peake",GARIE,NSW,"New South Wales",2232,Australia,Australia,1982-08-02,43
102503,Male,"Joel Siddons",BORALLON,QLD,Queensland,4306,Australia,Australia,1952-07-23,73
102603,Female,"Katie Blyth",KOOROONA,SA,"South Australia",5558,Australia,Australia,1987-08-15,38
102774,Female,"Brooke Bryant",BUXTON,VIC,Victoria,3711,Australia,Australia,1948-06-09,77
102817,Female,"Sophie Corlis",TRIABUNNA,TAS,Tasmania,7190,Australia,Australia,1972-10-13,53
102999,Male,"Jayden Zwar","BLIGH PARK",NSW,"New South Wales",2756,Australia,Australia,1988-08-23,37
103176,Female,"Ava Stonehaven",WOODENBONG,NSW,"New South Wales",2476,Australia,Australia,1999-04-22,26
103223,Male,"Benjamin McCourt","SCOTLAND ISLAND",NSW,"New South Wales",2105,Australia,Australia,1950-08-22,75
103427,Female,"Emily Skillen","DRY PLAIN",NSW,"New South Wales",2630,Australia,Australia,1971-10-10,54
104168,Female,"Sara Perdriau",WURRUK,VIC,Victoria,3850,Australia,Australia,1976-08-16,49
104218,Male,"Charles Fraser",BORAMBIL,NSW,"New South Wales",2329,Australia,Australia,1952-07-07,73
104233,Male,"George Bass","MOONEY MOONEY",NSW,"New South Wales",2083,Australia,Australia,1943-02-03,83
104247,Female,"Sienna Madsen",HOPEVALE,VIC,Victoria,3396,Australia,Australia,2000-02-28,25
104331,Female,"Paige Andronicus",CAVAN,SA,"South Australia",5094,Australia,Australia,1948-07-03,77
104456,Male,"Dean Yarnold",TAMBAROORA,NSW,"New South Wales",2850,Australia,Australia,1945-08-01,80
104553,Male,"Sam Rowley","SEAFORD MEADOWS",SA,"South Australia",5169,Australia,Australia,1951-10-20,74
104748,Female,"Eden Robe","VIRGINIA DC",QLD,Queensland,4014,Australia,Australia,1937-02-04,89
104794,Male,"Cooper Blyth",BELFRAYDEN,NSW,"New South Wales",2650,Australia,Australia,1938-11-05,87
105107,Female,"Kaitlyn Patterson",LARRIMAH,NT,"Northern Territory",852,Australia,Australia,1975-04-18,50
105126,Male,"George McCrone","YABBA SOUTH",VIC,Victoria,3646,Australia,Australia,1992-03-14,33
105190,Female,"Claire Clunies","PACIFIC HEIGHTS",QLD,Queensland,4703,Australia,Australia,1961-02-24,64
105208,Female,"Lilly Northcote",LONGWOOD,SA,"South Australia",5153,Australia,Australia,1975-08-02,50
105274,Female,"Alannah Flecker",GLENGARRY,VIC,Victoria,3854,Australia,Australia,1973-07-15,52
105417,Male,"Xavier Grace",WEIPA,QLD,Queensland,4874,Australia,Australia,1980-11-19,45
105551,Male,"Oscar Warby",BARRATTA,QLD,Queensland,4809,Australia,Australia,1949-10-12,76
105595,Female,"Taylah Hentze",TANJA,NSW,"New South Wales",2550,Australia,Australia,1943-06-22,82
105647,Female,"Anna Komine",REDWOOD,QLD,Queensland,4350,Australia,Australia,1970-08-05,55
105856,Female,"Isabella Rutherford",TUGRAH,TAS,Tasmania,7310,Australia,Australia,1976-08-29,49
106011,Male,"Luke Town",BATHUMI,VIC,Victoria,3730,Australia,Australia,1960-02-13,66
106039,Female,"Emma Reynolds",CHILLINGOLLAH,VIC,Victoria,3585,Australia,Australia,1960-01-06,66
106226,Female,"Emily Huntingfield","BURWOOD HEIGHTS",NSW,"New South Wales",2136,Australia,Australia,1984-12-28,41
106598,Female,"Caitlin Bannerman",ENMORE,NSW,"New South Wales",2358,Australia,Australia,1951-03-20,74
106880,Female,"Alexandra Douglas",BLACKBUTT,NSW,"New South Wales",2529,Australia,Australia,1942-06-07,83
106959,Male,"Ryan Barr",DUNKELD,QLD,Queensland,4465,Australia,Australia,1951-02-24,74
106983,Male,"Anthony Beeby",VILLENEUVE,QLD,Queensland,4514,Australia,Australia,1948-01-21,78
107299,Female,"Isabella Rowlandson",AUSTINMER,NSW,"New South Wales",2515,Australia,Australia,1941-07-06,84
107606,Female,"Keira Whittell",ANNIEBROOK,WA,"Western Australia",6280,Australia,Australia,1944-08-30,81
107777,Female,"Milla Grahame",THORPDALE,VIC,Victoria,3835,Australia,Australia,1943-02-12,83
107969,Male,"Ryan Copeley","BAY VILLAGE",NSW,"New South Wales",2261,Australia,Australia,1978-06-20,47
108022,Male,"Bailey Backhouse","DINNER PLAIN",VIC,Victoria,3898,Australia,Australia,1980-02-04,46
108311,Male,"Cooper Evans",BERRINGAMA,VIC,Victoria,3691,Australia,Australia,1963-02-15,63
108819,Female,"Isabella Conley",BERREMANGRA,NSW,"New South Wales",2582,Australia,Australia,1980-03-28,45
109051,Female,"Leah Behrend",TAYENE,TAS,Tasmania,7259,Australia,Australia,2001-09-05,24
109148,Male,"Zane Hercus",BULLER,WA,"Western Australia",6532,Australia,Australia,1939-11-18,86
109206,Male,"Michael Quentin",STRATHERNE,WA,"Western Australia",6309,Australia,Australia,1970-10-18,55
109212,Female,"Rachel Duncan",WESTGROVE,QLD,Queensland,4454,Australia,Australia,1936-05-22,89
109281,Female,"Isabel Carver",BANGALEE,NSW,"New South Wales",2541,Australia,Australia,1980-05-02,45
109522,Male,"Sam Porcelli",AVONDALE,NSW,"New South Wales",2530,Australia,Australia,1986-05-20,39
109580,Male,"Jordan Jarvis","SOUTH BROKEN HILL",NSW,"New South Wales",2880,Australia,Australia,1946-08-03,79
109628,Female,"Amber Minahan","POMBORNEIT EAST",VIC,Victoria,3249,Australia,Australia,1999-08-09,26
109977,Male,"Rory Howse","BENDIGO FORWARD",VIC,Victoria,3551,Australia,Australia,1947-01-06,79
110362,Male,"Lachlan Bosch",JILPANGER,VIC,Victoria,3409,Australia,Australia,1951-11-17,74
110499,Female,"Caitlyn Herman",MIVA,QLD,Queensland,4570,Australia,Australia,1994-09-21,31
110988,Male,"Seth Day",BENGWORDEN,VIC,Victoria,3875,Australia,Australia,1944-07-18,81
111025,Male,"Oliver Emma",MONTEITH,SA,"South Australia",5254,Australia,Australia,1960-07-28,65
111207,Male,"Bailey Geneff","WEE WEE RUP",VIC,Victoria,3568,Australia,Australia,1957-01-16,69
111334,Male,"Daniel Airey","GOULDS COUNTRY",TAS,Tasmania,7216,Australia,Australia,1981-07-30,44
111357,Male,"Mason Lysaght","GOLDEN POINT",VIC,Victoria,3350,Australia,Australia,1974-10-01,51
111492,Female,"Rachel Watterston",SEGENHOE,NSW,"New South Wales",2337,Australia,Australia,1999-07-30,26
111568,Female,"Savannah Julian","MOUNT WALKER",QLD,Queensland,4340,Australia,Australia,1971-08-24,54
112073,Female,"Scarlett Harwood",GLENLEE,QLD,Queensland,4711,Australia,Australia,1970-06-10,55
112287,Male,"Jaxon Govett",Fullerton,NSW,"New South Wales",2583,Australia,Australia,1980-05-19,45
112464,Male,"Finn Sandford",BALAKLAVA,SA,"South Australia",5461,Australia,Australia,1937-06-11,88
112590,Female,"Ellie Burns",KIMBOLTON,VIC,Victoria,3551,Australia,Australia,1939-07-22,86
112762,Female,"Jasmine Gosse",OURA,NSW,"New South Wales",2650,Australia,Australia,1992-12-26,33
112989,Female,"Zoe Sear",BROMBIN,NSW,"New South Wales",2446,Australia,Australia,1961-10-05,64
112993,Female,"Lola Matthaei",COOMBERDALE,WA,"Western Australia",6512,Australia,Australia,1955-09-25,70
113032,Male,"Jesse Manifold",HOPETOUN,VIC,Victoria,3396,Australia,Australia,1989-09-09,36
113121,Female,"Maddison Seekamp",BUSHLEY,QLD,Queensland,4702,Australia,Australia,1964-08-11,61
113244,Female,"Paige Harrington",TAPPING,WA,"Western Australia",6065,Australia,Australia,2001-08-29,24
113290,Female,"Piper Lambie","GRANITE ROCK",VIC,Victoria,3875,Australia,Australia,1957-07-15,68
113294,Male,"Sean Dannevig",WOLLEMI,NSW,"New South Wales",2330,Australia,Australia,1981-12-14,44
113334,Female,"Bianca Foelsche","BOORABEE PARK",NSW,"New South Wales",2480,Australia,Australia,1958-11-27,67
113448,Female,"Lily Grimshaw",TOORAK,VIC,Victoria,3142,Australia,Australia,1936-10-28,89
113481,Male,"Zane Szabados",KUDARDUP,WA,"Western Australia",6290,Australia,Australia,1946-10-13,79
113531,Female,"Kate Shoebridge",MUJA,WA,"Western Australia",6225,Australia,Australia,1997-07-19,28
113635,Female,"Zara Annear",BIDWILL,NSW,"New South Wales",2770,Australia,Australia,1987-08-29,38
113833,Male,"Oliver Fiaschi",Collinsville,QLD,Queensland,4804,Australia,Australia,1939-03-02,86
114070,Male,"Henry Childe","CASTLE DOYLE",NSW,"New South Wales",2350,Australia,Australia,1991-01-02,35
114201,Male,"Finn Donnelly",WARRENMANG,VIC,Victoria,3478,Australia,Australia,1972-07-30,53
114551,Male,"Ashton Angas","THE HEAD",QLD,Queensland,4373,Australia,Australia,1999-12-31,26
114561,Female,"Isabelle Pollard","LEIGH CREEK",VIC,Victoria,3352,Australia,Australia,1966-03-22,59
114709,Female,"Emma Nixon-Smith","ELLIS BEACH",QLD,Queensland,4879,Australia,Australia,1955-02-01,71
114916,Female,"Sara Drysdale","WEST BUSSELTON",WA,"Western Australia",6280,Australia,Australia,1958-02-22,67
114949,Male,"Spencer Gosling","TABLE CAPE",TAS,Tasmania,7325,Australia,Australia,1969-07-17,56
115168,Female,"Alicia Chute","DINGO FOREST",NSW,"New South Wales",2429,Australia,Australia,1971-03-12,54
115335,Male,"Austin McAlpine",BIRDWOODTON,VIC,Victoria,3505,Australia,Australia,1959-05-30,66
115447,Male,"Levi Windich",PELTON,NSW,"New South Wales",2325,Australia,Australia,1994-10-12,31
115452,Male,"Dean Richards","FAR MEADOW",NSW,"New South Wales",2535,Australia,Australia,1978-07-30,47
115505,Female,"Eva Stansfield",DONDINGALONG,NSW,"New South Wales",2440,Australia,Australia,1943-08-04,82
115688,Male,"David Steffanoni",YANDARAN,QLD,Queensland,4673,Australia,Australia,2001-07-25,24
115869,Female,"Jessica Drysdale",STOCKRINGTON,NSW,"New South Wales",2322,Australia,Australia,1974-10-25,51
115895,Male,"Sebastian Liversidge","UPPER ROUCHEL",NSW,"New South Wales",2336,Australia,Australia,1988-04-11,37
115902,Male,"Connor McLaren",CINNABAR,QLD,Queensland,4600,Australia,Australia,1958-12-01,67
116149,Female,"Claire Denton",LOCKWOOD,VIC,Victoria,3551,Australia,Australia,1964-02-20,62
116294,Male,"Hunter Andrew","TURKEY BEACH",QLD,Queensland,4678,Australia,Australia,1990-04-16,35
116383,Male,"Callum Grey-Smith",YAHL,SA,"South Australia",5291,Australia,Australia,1971-08-25,54
116408,Female,"Georgia McCourt","NORTH BOYANUP",WA,"Western Australia",6237,Australia,Australia,1977-09-02,48
116524,Female,"Alyssa McGirr","THE HILL",NSW,"New South Wales",2300,Australia,Australia,1961-08-22,64
116571,Male,"Mitchell Scarf",KIRKSTALL,VIC,Victoria,3283,Australia,Australia,1993-02-19,33
116824,Female,"Ella Mort","WATTLE GROVE",TAS,Tasmania,7109,Australia,Australia,1962-08-02,63
117048,Female,"Chloe Martyn","LOGAN CITY BC",QLD,Queensland,4114,Australia,Australia,1977-10-12,48
117386,Male,"Christopher Currie",WAMBERAL,NSW,"New South Wales",2260,Australia,Australia,1943-10-25,82
117496,Female,"Lilian Ramsden",PAPPINBARRA,NSW,"New South Wales",2446,Australia,Australia,1965-05-30,60
117769,Male,"Julian Padbury","COES CREEK",QLD,Queensland,4560,Australia,Australia,1958-12-28,67
117995,Male,"Julian Daintree","SOUTH GUNDAGAI",NSW,"New South Wales",2722,Australia,Australia,1984-07-22,41
118084,Male,"Kai Weekes",TONIMBUK,VIC,Victoria,3815,Australia,Australia,1946-06-06,79
118229,Female,"Poppy Airey","UPPER MACDONALD",NSW,"New South Wales",2775,Australia,Australia,1979-02-08,47
118271,Female,"Abigail Reymond",ILUKA,NSW,"New South Wales",2466,Australia,Australia,1956-08-09,69
118428,Male,"Christian Lakeland",DUNWICH,QLD,Queensland,4183,Australia,Australia,1971-11-27,54
118451,Male,"Oscar Tulaba","GRIFFITH EAST",NSW,"New South Wales",2680,Australia,Australia,1952-03-07,73
118540,Male,"Zac Rodius",PINNACLES,QLD,Queensland,4815,Australia,Australia,1988-03-28,37
118829,Male,"Max Hutt",TELLEBANG,QLD,Queensland,4630,Australia,Australia,1968-04-29,57
118902,Female,"Eve Mulvany",PATYAH,VIC,Victoria,3318,Australia,Australia,1986-11-23,39
119085,Female,"Madison Mason","EMPIRE BAY",NSW,"New South Wales",2257,Australia,Australia,1970-03-03,55
119095,Male,"Archie Carnegie","SAUNDERS BEACH",QLD,Queensland,4818,Australia,Australia,1982-08-19,43
119365,Female,"Scarlett Forsyth","BRUCES CREEK",VIC,Victoria,3757,Australia,Australia,1984-04-19,41
119449,Male,"Christopher Wilton",WARENDA,QLD,Queensland,4829,Australia,Australia,1979-04-25,46
119505,Male,"Mason Parnell","FOREST HILL",QLD,Queensland,4342,Australia,Australia,1994-07-30,31
119544,Male,"Will Whitington",HARTLEY,SA,"South Australia",5255,Australia,Australia,1960-06-17,65
119547,Male,"Sean Chan",PARAMATTA,SA,"South Australia",5558,Australia,Australia,1982-12-14,43
119828,Male,"Timothy Walcott",WILLASTON,SA,"South Australia",5118,Australia,Australia,1956-05-02,69
120030,Male,"Callum Haines","FOREST RIDGE",QLD,Queensland,4357,Australia,Australia,1936-04-13,89
120398,Female,"Gabriella Moynihan","STURT CREEK",WA,"Western Australia",6770,Australia,Australia,1970-08-13,55
120607,Female,"Zoe Pinner",PITURIE,QLD,Queensland,4825,Australia,Australia,1950-02-01,76
120664,Female,"Annabelle Tozer",Genoa,VIC,Victoria,3891,Australia,Australia,1954-12-07,71
120802,Female,"Angelina Hauslaib","REVESBY HEIGHTS",NSW,"New South Wales",2212,Australia,Australia,1996-10-24,29
120952,Male,"Angus Salier",OWANYILLA,QLD,Queensland,4650,Australia,Australia,1957-01-21,69
121324,Male,"Andrew Genders",LAURA,QLD,Queensland,4871,Australia,Australia,1989-10-17,36
121376,Female,"Laura Bolton",APPLETHORPE,QLD,Queensland,4378,Australia,Australia,1964-08-28,61
121813,Female,"Alana McMeckan","PEACOCK SIDING",QLD,Queensland,4850,Australia,Australia,2000-01-08,26
121948,Female,"Leah Hodgson","ROCKY HILLS",TAS,Tasmania,7190,Australia,Australia,1996-02-15,30
121958,Male,"Cameron Angwin",COONDLE,WA,"Western Australia",6566,Australia,Australia,1986-06-11,39
122096,Female,"Alannah Wolinski",PAMPAS,QLD,Queensland,4352,Australia,Australia,1966-09-26,59
122511,Female,"Savannah Carandini","DAADENNING CREEK",WA,"Western Australia",6410,Australia,Australia,1980-10-16,45
122533,Male,"Jett Stedman","POINT COOK",VIC,Victoria,3030,Australia,Australia,1992-09-06,33
122705,Female,"Isabella Goe",COLINTON,NSW,"New South Wales",2626,Australia,Australia,1959-05-22,66
122709,Female,"Chloe Spyer","WANDIN EAST",VIC,Victoria,3139,Australia,Australia,1996-03-06,29
123251,Female,"Alice Frost","CLARENCE PARK",SA,"South Australia",5034,Australia,Australia,1974-10-27,51
123266,Female,"Erin Waley",CLARE,QLD,Queensland,4807,Australia,Australia,1963-01-07,63
123353,Female,"Olivia Scanlan",Woodbury,TAS,Tasmania,7120,Australia,Australia,1965-04-20,60
123894,Female,"Chloe Seccombe",ALSTONVALE,NSW,"New South Wales",2477,Australia,Australia,1944-09-12,81
124162,Female,"Gabrielle Wynn",YARRAVILLE,VIC,Victoria,3013,Australia,Australia,1972-10-10,53
124444,Male,"Oscar Harker",BOWGADA,WA,"Western Australia",6623,Australia,Australia,1951-03-12,74
124591,Female,"Summer Skillen",WOOLLAMIA,NSW,"New South Wales",2540,Australia,Australia,1946-12-25,79
124680,Female,"Molly Hytten",POMPAPIEL,VIC,Victoria,3571,Australia,Australia,1936-11-30,89
124719,Female,"Eva Hinder",Lemont,TAS,Tasmania,7120,Australia,Australia,1957-02-14,69
124722,Female,"Kayla Glass","FOUR MILE CREEK",NSW,"New South Wales",2800,Australia,Australia,1983-05-27,42
124825,Female,"Brianna Yencken","NORTH KELLERBERRIN",WA,"Western Australia",6410,Australia,Australia,1986-09-23,39
125008,Male,"Noah Smithers",Waterloo,WA,"Western Australia",6228,Australia,Australia,1954-05-21,71
125033,Female,"Alexandra Brydon",WOLFFDENE,QLD,Queensland,4207,Australia,Australia,1990-08-18,35
125149,Male,"Lucas Broughton",WOODLEIGH,SA,"South Australia",5311,Australia,Australia,1955-10-17,70
125236,Male,"Jordan Sissons","MORNINGTON ISLAND",QLD,Queensland,4871,Australia,Australia,1969-11-05,56
125242,Male,"Joseph Pitcairn",MARLESTON,SA,"South Australia",5033,Australia,Australia,1972-07-27,53
125254,Female,"Zoe Bouton",NAIRIBIN,WA,"Western Australia",6350,Australia,Australia,1938-08-27,87
125389,Female,"Brooke Heath","FOREST LODGE",NSW,"New South Wales",2037,Australia,Australia,1937-03-04,88
125391,Male,"Adam Fornachon",TERRIGAL,NSW,"New South Wales",2260,Australia,Australia,1989-10-13,36
125649,Male,"Blake Weingarth",INGLISTON,VIC,Victoria,3342,Australia,Australia,1949-06-19,76
125764,Male,"Archie Dashwood",BEACONSFIELD,QLD,Queensland,4740,Australia,Australia,1962-02-11,64
125784,Male,"Patrick Gant","WEST ARMIDALE",NSW,"New South Wales",2350,Australia,Australia,1977-12-27,48
125873,Female,"Eliza Truebridge",TIBERIAS,TAS,Tasmania,7120,Australia,Australia,1976-04-22,49
125950,Female,"Isabelle Primrose",BANKSMEADOW,NSW,"New South Wales",2019,Australia,Australia,1942-07-18,83
126083,Female,"Makayla Rickards",MINGAY,NSW,"New South Wales",2727,Australia,Australia,1936-08-23,89
126320,Female,"Sofia Haenke",LARRAKEYAH,NT,"Northern Territory",820,Australia,Australia,1978-10-03,47
126469,Female,"Emily Hinton","CROUDACE BAY",NSW,"New South Wales",2280,Australia,Australia,1942-08-03,83
126573,Female,"Victoria Weindorfer","JARRA CREEK",QLD,Queensland,4854,Australia,Australia,1964-11-16,61
126633,Male,"Luca Renwick",BURTON,QLD,Queensland,4742,Australia,Australia,1997-12-25,28
126744,Male,"Declan Mobsby",MARDIE,WA,"Western Australia",6714,Australia,Australia,1991-11-14,34
126817,Male,"Benjamin Antill",Woodlawn,NSW,"New South Wales",2480,Australia,Australia,1948-02-12,78
126838,Male,"Ethan Finsch",TRENTHAM,VIC,Victoria,3458,Australia,Australia,1944-09-28,81
126852,Female,"Amy Mowll",COOWONGA,QLD,Queensland,4702,Australia,Australia,1962-04-20,63
126916,Female,"Samantha Peyser",YARRAH,SA,"South Australia",5433,Australia,Australia,1984-08-10,41
126979,Male,"Alex Franki","BROWNS CROSSING",NSW,"New South Wales",2441,Australia,Australia,1954-02-16,72
127015,Female,"Bianca Morwood",BARHAM,NSW,"New South Wales",2732,Australia,Australia,1954-09-03,71
127146,Male,"Hayden Charlesworth",LAMINGTON,QLD,Queensland,4285,Australia,Australia,1970-10-26,55
127193,Female,"Alana Pearson","WEST KEMPSEY",NSW,"New South Wales",2440,Australia,Australia,1977-02-09,49
127239,Female,"Mia Korner",TRIAMBLE,NSW,"New South Wales",2850,Australia,Australia,1977-09-19,48
127283,Female,"Annabelle Langler",BRIDGES,QLD,Queensland,4561,Australia,Australia,1990-12-27,35
127417,Female,"Elizabeth Brookman","RIDDELLS CREEK",VIC,Victoria,3431,Australia,Australia,1983-01-14,43
127554,Male,"Xavier Isaachsen",HAINES,SA,"South Australia",5223,Australia,Australia,1979-02-25,46
127943,Male,"Jackson Raw",MUNIGANEEN,QLD,Queensland,4352,Australia,Australia,1949-06-25,76
128007,Female,"Eliza Arthur",GREYTHORN,VIC,Victoria,3104,Australia,Australia,1975-10-29,50
128179,Female,"Tahlia Bischof",CHARBON,NSW,"New South Wales",2848,Australia,Australia,1940-08-21,85
128305,Male,"Harrison Martinovich",MONOMEITH,VIC,Victoria,3984,Australia,Australia,1953-08-25,72
128354,Female,"Milla Fell","CORDILLO DOWNS",SA,"South Australia",5731,Australia,Australia,1943-12-01,82
128362,Male,"Jasper Elias","TARRA VALLEY",VIC,Victoria,3971,Australia,Australia,1979-07-20,46
128538,Male,"Ryan Whitty",NURIOOTPA,SA,"South Australia",5355,Australia,Australia,1974-04-19,51
128585,Male,"Christian Picton",WOODPARK,NSW,"New South Wales",2164,Australia,Australia,1946-07-14,79
129176,Female,"Sara Semmens",LOCKSLEY,VIC,Victoria,3665,Australia,Australia,1985-02-07,41
129199,Male,"Nate Badham",YAMBACOONA,TAS,Tasmania,7256,Australia,Australia,1968-10-12,57
129240,Female,"Brooke Marsden","BRIGHTON EAST",VIC,Victoria,3187,Australia,Australia,1951-01-19,75
129318,Female,"Victoria Courtney","PINE VALLEY",NSW,"New South Wales",2630,Australia,Australia,1976-08-08,49
129405,Female,"Isabel Hills",BOMBOWLEE,NSW,"New South Wales",2720,Australia,Australia,1954-08-09,71
129494,Female,"Amber Parry",Greenwood,QLD,Queensland,4401,Australia,Australia,1987-08-19,38
129540,Male,"Zac O'Meara",GORDONVILLE,NSW,"New South Wales",2454,Australia,Australia,1995-02-12,31
129554,Female,"Victoria Frederic",DHURRINGILE,VIC,Victoria,3610,Australia,Australia,1987-08-30,38
129581,Male,"Jake Kershaw",COOLATAI,NSW,"New South Wales",2402,Australia,Australia,1985-04-01,40
129583,Male,"Julian Macredie","ETON NORTH",QLD,Queensland,4741,Australia,Australia,1955-12-22,70
129698,Male,"Jeremy Sligo","MOUNT MARLOW",QLD,Queensland,4800,Australia,Australia,1968-02-02,58
129738,Male,"Liam Provan","GLENELG SOUTH",SA,"South Australia",5045,Australia,Australia,1971-03-31,54
129786,Female,"Amy Copeland","UPPER FINE FLOWER",NSW,"New South Wales",2460,Australia,Australia,1973-01-17,53
129948,Female,"Lucy Tomkinson",FARLEIGH,QLD,Queensland,4741,Australia,Australia,1974-06-02,51
130214,Female,"Zoe Coleman",RUTHERGLEN,VIC,Victoria,3685,Australia,Australia,1949-03-20,76
130270,Female,"Maddison Irving","HOXTON PARK",NSW,"New South Wales",2171,Australia,Australia,1940-08-14,85
130585,Male,"Harrison Gibson",ARTHURVILLE,NSW,"New South Wales",2820,Australia,Australia,1974-10-23,51
130670,Male,"Jack McKelvey","NORTH MACLEAN",QLD,Queensland,4280,Australia,Australia,1975-01-15,51
130750,Female,"Madison Picot","BILAMBIL HEIGHTS",NSW,"New South Wales",2486,Australia,Australia,1967-04-13,58
130962,Female,"Bianca Schonell",Lyndhurst,SA,"South Australia",5731,Australia,Australia,1936-12-12,89
131067,Female,"Kiara Melrose",MILPARINKA,NSW,"New South Wales",2880,Australia,Australia,1963-09-07,62
131758,Male,"Zac Sievwright",ELDERSLIE,NSW,"New South Wales",2570,Australia,Australia,1998-11-24,27
131907,Male,"Mitchell Thornber",QUINDALUP,WA,"Western Australia",6281,Australia,Australia,1986-06-18,39
131976,Male,"Jaxon Croll","WILSONS PLAINS",QLD,Queensland,4307,Australia,Australia,1982-09-14,43
132012,Female,"Amy Tebbutt",CAMPOONA,SA,"South Australia",5640,Australia,Australia,1962-03-15,63
132027,Male,"Will Middleton","MOUNT BARKER",SA,"South Australia",5251,Australia,Australia,2001-01-20,25
132377,Male,"Hayden McGrath","CHESHUNT SOUTH",VIC,Victoria,3678,Australia,Australia,1936-10-13,89
132403,Male,"Callum Toohey","LIME LAKE",WA,"Western Australia",6315,Australia,Australia,1947-03-14,78
132630,Female,"Lucinda Edgar",BOSTOBRICK,NSW,"New South Wales",2453,Australia,Australia,1962-04-05,63
132701,Male,"Koby Dick",WOORREE,WA,"Western Australia",6530,Australia,Australia,1968-12-06,57
132774,Male,"Taj Ahern","BAMAWM EXTENSION",VIC,Victoria,3561,Australia,Australia,1994-03-19,31
132858,Female,"Amy McCorkindale",BALGA,WA,"Western Australia",6061,Australia,Australia,1955-03-04,70
133258,Male,"Hamish Leason","DIGNAMS CREEK",NSW,"New South Wales",2546,Australia,Australia,1961-10-02,64
133315,Male,"Jack Harington","EMU SWAMP",NSW,"New South Wales",2800,Australia,Australia,1937-10-29,88
133358,Female,"Kayla Hmelnitsky",CAMOOWEAL,QLD,Queensland,4828,Australia,Australia,1969-07-22,56
133458,Male,"Jasper Handt","UPPER CRYSTAL CREEK",NSW,"New South Wales",2484,Australia,Australia,1960-02-02,66
133608,Male,"Aidan Grace","OBI OBI",QLD,Queensland,4574,Australia,Australia,1985-02-21,41
133761,Female,"Dakota Neville",WEDGECARRUP,WA,"Western Australia",6315,Australia,Australia,1956-05-28,69
133787,Male,"Tyler Sellheim","WANDIN NORTH",VIC,Victoria,3139,Australia,Australia,1960-05-02,65
133905,Female,"Abigail Dowie","EMU BAY",SA,"South Australia",5223,Australia,Australia,1961-04-16,64
133928,Female,"Stella Grimstone",INGEBIRAH,NSW,"New South Wales",2627,Australia,Australia,1936-02-09,90
133956,Male,"Ethan Kirk",LIFFEY,TAS,Tasmania,7301,Australia,Australia,1944-07-23,81
133986,Female,"Lilly Cade",BREDDAN,QLD,Queensland,4820,Australia,Australia,1961-07-17,64
134230,Male,"Brayden Piquet",HOPEVALE,VIC,Victoria,3396,Australia,Australia,1992-08-25,33
134281,Male,"Brock Forlong",BROUGHTON,NSW,"New South Wales",2535,Australia,Australia,1975-02-21,51
134688,Male,"Edward Hedley","BLUFF BEACH",SA,"South Australia",5575,Australia,Australia,1957-12-03,68
134935,Male,"Matthew Rowell","AUSTINS FERRY",TAS,Tasmania,7011,Australia,Australia,1942-08-18,83
135020,Female,"Isabelle Head",Midland,WA,"Western Australia",6056,Australia,Australia,2001-10-23,24
135081,Male,"Dominic Fisken",NANGARI,SA,"South Australia",5333,Australia,Australia,1976-10-31,49
135131,Female,"Rachel Cowley",CRESCENT,SA,"South Australia",5341,Australia,Australia,1961-04-30,64
135142,Male,"Elijah Pohlman",TELOPEA,NSW,"New South Wales",2117,Australia,Australia,1966-03-06,59
135272,Male,"Mason Kennion","QUAMBY BEND",TAS,Tasmania,7292,Australia,Australia,1944-10-18,81
135371,Female,"Mary Hanslow",THRINGTON,SA,"South Australia",5552,Australia,Australia,1969-11-09,56
135374,Male,"Brayden Wheen",GUNUNA,QLD,Queensland,4871,Australia,Australia,1967-10-09,58
135531,Male,"Brock Fitzsimons",GNARABUP,WA,"Western Australia",6285,Australia,Australia,1995-07-05,30
135671,Male,"Sam Falleni",MURRAYDALE,VIC,Victoria,3586,Australia,Australia,1978-09-02,47
135675,Male,"Bailey Propsting",MARRICKVILLE,NSW,"New South Wales",2204,Australia,Australia,1999-05-26,26
135914,Male,"Angus Poole","RISDON PARK",SA,"South Australia",5540,Australia,Australia,1994-01-28,32
135967,Male,"Christopher Byles",WESTBY,VIC,Victoria,3579,Australia,Australia,1988-05-25,37
135975,Male,"Owen Jordan",BALALA,NSW,"New South Wales",2358,Australia,Australia,1994-06-01,31
136055,Male,"Alex Simmons",MAGRA,TAS,Tasmania,7140,Australia,Australia,1959-06-02,66
136134,Male,"Nicholas Hoff",Torrington,NSW,"New South Wales",2371,Australia,Australia,1993-06-01,32
136284,Male,"Jett Power","AVOCA BEACH",NSW,"New South Wales",2251,Australia,Australia,1978-09-05,47
136300,Female,"Charli Strele",MITCHAM,SA,"South Australia",5062,Australia,Australia,1950-08-27,75
136823,Male,"Jayden Bowmaker",Latham,WA,"Western Australia",6616,Australia,Australia,1988-04-09,37
137153,Male,"Spencer Hoover","MURRAYS BRIDGE",QLD,Queensland,4370,Australia,Australia,1944-11-22,81
137661,Female,"Isabella Brownbill",TENNYSON,SA,"South Australia",5022,Australia,Australia,1943-04-15,82
137734,Female,"Molly Macartney","ELLENBROOK EAST",WA,"Western Australia",6069,Australia,Australia,1999-12-24,26
137846,Male,"Will Collee",WATTLEBANK,QLD,Queensland,4704,Australia,Australia,1955-08-22,70
137865,Female,"Lucinda Ruatoka",SEVERNLEA,QLD,Queensland,4352,Australia,Australia,1986-06-15,39
137949,Male,"Anthony Corin",NORONG,VIC,Victoria,3682,Australia,Australia,1965-06-07,60
138130,Male,"Jai Fauchery","KENTUCKY SOUTH",NSW,"New South Wales",2354,Australia,Australia,1993-02-20,33
138242,Male,"Beau Rodius","WATTLE HILL",VIC,Victoria,3237,Australia,Australia,1961-06-22,64
138332,Female,"Natasha White-Haney",WAANYARRA,VIC,Victoria,3551,Australia,Australia,1972-11-30,53
138464,Female,"Caitlyn Salter","BONNIE DOON",VIC,Victoria,3720,Australia,Australia,1993-12-10,32
138611,Male,"Sebastian O'Malley","WATTLE HILL",VIC,Victoria,3237,Australia,Australia,1944-05-11,81
138735,Female,"Amelia Macquarie",NYRRABY,VIC,Victoria,3585,Australia,Australia,1957-09-24,68
138767,Male,"Hugo Cathcart",BUILYAN,QLD,Queensland,4680,Australia,Australia,1937-03-04,88
139176,Male,"Elijah Calder","LOWAN VALE",SA,"South Australia",5268,Australia,Australia,1997-06-24,28
139224,Female,"Sofia Hardey",CANIA,QLD,Queensland,4630,Australia,Australia,1987-12-30,38
139376,Male,"Leo Cuni",WANDAL,QLD,Queensland,4700,Australia,Australia,1969-08-13,56
139411,Female,"Isabel McDonell",ANAMBAH,NSW,"New South Wales",2320,Australia,Australia,1985-12-26,40
139479,Female,"Kiara Stuart",COBBANNAH,VIC,Victoria,3862,Australia,Australia,1982-04-22,43
139742,Male,"Logan Plunkett","CAMIRA CREEK",NSW,"New South Wales",2469,Australia,Australia,1953-03-30,72
139817,Female,"Annabelle French","ALLENS RIVULET",TAS,Tasmania,7150,Australia,Australia,1980-07-12,45
139856,Female,"Alyssa Dovey",CAMIRA,NSW,"New South Wales",2469,Australia,Australia,1944-10-28,81
139891,Female,"Alicia Champion",O'REILLY,QLD,Queensland,4211,Australia,Australia,1987-03-30,38
140004,Male,"Jonathan Foll",HILLVUE,NSW,"New South Wales",2340,Australia,Australia,1937-05-04,88
140208,Male,"Will Tjalkabota",CRANLEY,QLD,Queensland,4350,Australia,Australia,1975-04-15,50
140225,Female,"Sofia Siebenhaar",TANBY,QLD,Queensland,4703,Australia,Australia,1987-05-05,38
140239,Male,"Harry Heymann",Moore,QLD,Queensland,4306,Australia,Australia,1985-03-29,40
140389,Female,"Lily Coyne","EAST DAMBORING",WA,"Western Australia",6608,Australia,Australia,1944-04-04,81
140457,Female,"Taylah McCrea",TARONG,QLD,Queensland,4615,Australia,Australia,1974-11-14,51
140829,Male,"Ashton Gordon",STURT,QLD,Queensland,4829,Australia,Australia,1958-02-25,67
140872,Female,"Georgia Waterhouse","LANE COVE",NSW,"New South Wales",2066,Australia,Australia,1990-08-22,35
140911,Male,"Xavier Hughes",DUVAL,NSW,"New South Wales",2350,Australia,Australia,1950-10-19,75
140956,Female,"Abbey Smythe",BUMBERRAH,VIC,Victoria,3902,Australia,Australia,1958-02-21,68
140972,Male,"Flynn Kossak","GRASSTREE BEACH",QLD,Queensland,4740,Australia,Australia,1956-07-16,69
141179,Female,"Paige Dallachy",JUNG,VIC,Victoria,3401,Australia,Australia,1968-10-05,57
141238,Male,"Joseph Fosbrook",WANDONG,VIC,Victoria,3758,Australia,Australia,1949-10-08,76
141338,Male,"Benjamin Poupinel",NUNDLE,NSW,"New South Wales",2340,Australia,Australia,1937-11-14,88
141371,Male,"Blake De Maistre",SOUTHEND,SA,"South Australia",5280,Australia,Australia,1991-06-08,34
141431,Male,"Cameron Edward",GNARWARRE,VIC,Victoria,3221,Australia,Australia,1993-09-10,32
141645,Female,"Poppy Ruse",MIRROOL,NSW,"New South Wales",2665,Australia,Australia,1981-05-27,44
141696,Male,"Jordan Brookman",HOWRAH,TAS,Tasmania,7018,Australia,Australia,1959-04-12,66
141859,Male,"Angus Carter",MEERUP,WA,"Western Australia",6262,Australia,Australia,1991-04-18,34
142086,Female,"Laura Lazzarini",Brunswick,WA,"Western Australia",6224,Australia,Australia,1955-12-05,70
142282,Female,"Lucy Wanganeen","MUNGAY CREEK",NSW,"New South Wales",2440,Australia,Australia,1968-01-04,58
142288,Male,"Dylan Freehill",Burbank,QLD,Queensland,4156,Australia,Australia,1979-08-11,46
142335,Male,"Cameron Dadswell",NEEREMAN,VIC,Victoria,3463,Australia,Australia,1965-06-27,60
142425,Male,"Sam Tweddle","LITTLE PELICAN",NSW,"New South Wales",2281,Australia,Australia,1975-09-10,50
142837,Female,"Eva Betche",Belmont,WA,"Western Australia",6104,Australia,Australia,1987-03-16,38
143033,Male,"Mitchell Woodriff","DONCASTER EAST",VIC,Victoria,3109,Australia,Australia,2001-11-30,24
143135,Male,"Dominic Watts",COLLAROY,QLD,Queensland,4707,Australia,Australia,1943-03-12,82
143206,Male,"Dominic Lindsay",WINSTON,QLD,Queensland,4825,Australia,Australia,1980-03-07,45
143278,Female,"Mia Raggatt",GAYTHORNE,QLD,Queensland,4051,Australia,Australia,1996-04-13,29
143287,Male,"Connor Gainford",NEERABUP,WA,"Western Australia",6031,Australia,Australia,1970-03-19,55
143500,Male,"Tyler Plant","MOOROOK SOUTH",SA,"South Australia",5332,Australia,Australia,1973-08-18,52
143514,Male,"Brodie Burge",KOJARENA,WA,"Western Australia",6532,Australia,Australia,1945-01-31,81
143585,Female,"Lucinda Handt",MALANDA,QLD,Queensland,4885,Australia,Australia,1991-06-16,34
143646,Male,"Jack Leverrier","HULL HEADS",QLD,Queensland,4854,Australia,Australia,1965-05-29,60
143836,Female,"Isabel Bennetts","KENMORE DC",QLD,Queensland,4069,Australia,Australia,1953-01-21,73
